Name,AD2D12,AD2D13,AD2D90,AD2D91,AD2D92,AD2D102,AD2D168,AD2D169,AD2D170,AD2D246,AD2D247,AD2D248,AD2D324,AD2D325,AD2D326,AD2D336,AD2D402,AD2D403,AD2D404,AD2D480,AD2D482,AD2D549,AD2D558,AD2D626,AD2D627,AD2D636,AD2D704,AD2D705,AD2D714,pIC50
5078991,1,0,1,1,1,1,1,1,1,1,0,1,1,0,1,1,0,0,0,1,1,1,1,1,1,1,1,1,1,6.468521083
5400959,0,0,0,0,1,0,0,0,1,0,0,1,0,0,1,1,0,0,1,0,1,1,0,0,1,0,0,1,0,6.086186148
5413742,0,0,0,1,0,0,0,1,0,0,1,0,0,1,0,0,0,1,0,0,0,0,0,1,0,0,1,0,0,5.200659451
2158095,1,0,1,1,0,0,1,0,0,1,0,1,1,0,1,0,0,0,0,1,0,1,1,0,1,1,0,0,1,4.425968732
5275134,1,0,1,0,0,0,1,0,0,1,0,0,1,0,0,1,1,0,0,1,0,1,1,0,1,1,0,1,1,3.443094731
4744411,1,0,1,1,1,0,1,0,0,1,0,1,1,0,0,0,1,0,0,1,0,0,1,0,0,1,0,0,1,5
5267364,0,0,0,1,0,0,0,0,0,0,0,0,0,0,0,0,0,0,0,0,0,0,0,0,0,0,0,0,0,4.449771647
5425491,0,1,0,1,0,0,0,1,0,0,1,0,0,1,0,0,0,1,0,0,0,0,0,1,0,0,1,0,0,4.744727495
5417562,1,0,1,1,1,0,1,0,0,1,0,1,1,0,0,0,1,0,0,1,0,0,1,0,0,1,0,0,1,6.27572413
5412061,0,1,0,1,0,0,0,1,0,0,1,0,0,1,0,0,0,1,0,0,0,0,0,1,0,0,1,0,0,4.958607315
4580352,0,0,0,0,1,1,0,1,0,0,1,0,0,0,0,0,0,1,1,0,1,1,0,1,1,0,1,1,0,4.552841969
4867373,0,1,0,1,1,0,0,1,1,0,1,1,0,0,1,1,0,0,1,0,1,1,0,0,1,0,0,0,0,4.530177984
4853832,0,0,0,0,0,0,0,0,0,0,0,0,0,0,0,1,0,0,0,0,0,1,0,0,0,0,0,0,0,4.139063379
4862339,0,1,0,1,1,0,0,1,1,0,1,1,0,0,1,1,0,0,1,0,1,1,0,0,1,0,0,1,0,5.148741651
1806717,0,0,0,0,0,0,0,0,0,0,0,0,0,0,0,0,0,0,0,0,0,0,0,0,0,0,0,0,0,5.346787486
5081962,1,0,1,1,1,1,1,1,1,1,0,1,1,0,1,1,0,0,1,1,1,1,1,1,1,1,1,1,1,5.744727495
5288121,0,0,0,1,0,0,0,0,0,0,0,1,0,0,1,1,0,0,0,0,0,0,0,0,0,0,0,0,0,4.970616222
4877495,0,0,0,0,1,1,0,0,1,0,0,1,0,0,0,1,0,0,1,0,0,1,0,0,1,0,0,1,0,4.361211333
4469623,1,0,1,0,1,0,1,1,1,1,1,1,1,0,0,0,0,1,1,1,1,1,1,1,1,1,1,1,1,4.193820026
4453741,1,0,1,1,1,1,1,0,0,1,0,1,1,0,0,0,0,1,1,1,1,1,1,1,1,1,1,1,0,4.585026652
4170637,1,0,1,0,0,0,1,0,0,1,0,0,1,0,0,1,1,0,0,0,0,0,0,0,0,0,0,0,0,4.37675071
4878350,1,0,1,0,0,1,1,0,0,1,0,0,1,0,0,1,0,0,0,1,0,1,1,0,1,1,0,1,1,4.924453039
4790077,1,0,0,1,0,1,1,1,1,1,0,1,1,0,1,1,1,0,0,0,1,1,1,1,1,1,1,1,1,5.795880017
4555948,1,0,1,1,1,0,1,1,0,1,1,0,1,1,0,0,0,1,1,1,0,1,1,1,1,1,1,0,1,5.079380546
1391287,0,0,0,1,0,0,0,1,0,0,1,0,0,1,0,0,0,0,0,0,0,0,0,1,0,0,1,0,0,6.366531544
5093839,0,0,0,0,0,0,0,0,0,0,0,0,0,0,0,0,0,0,0,0,0,1,0,0,1,0,0,0,0,4.441651491
3952951,0,1,0,1,0,0,0,0,1,0,0,1,0,0,1,1,0,0,1,0,1,1,0,1,1,0,1,1,0,4.257274869
4778047,0,0,0,0,0,0,0,0,0,0,0,0,0,0,0,1,0,0,0,0,0,1,0,0,1,0,0,1,0,3.961777362
2402764,0,1,0,1,1,1,0,1,1,0,1,1,0,1,1,0,0,0,0,0,1,1,0,1,1,0,1,1,0,5.174573882
5431637,1,1,1,1,0,0,1,1,0,1,1,0,1,1,0,0,0,0,0,1,0,0,1,0,0,1,0,0,1,4.940058112
4792821,0,1,0,1,0,1,0,1,1,0,1,1,0,1,1,0,0,0,1,0,0,1,0,1,1,0,0,1,0,4.379863945
1836445,1,0,1,1,1,1,1,1,1,1,0,1,1,0,1,1,1,0,1,1,0,1,1,1,1,1,1,1,1,6.638272164
5424530,0,1,0,1,0,0,0,1,0,0,1,0,0,1,0,0,0,1,0,0,0,0,0,1,0,0,1,0,0,7
5405368,0,1,0,1,1,0,0,1,0,0,1,1,0,0,1,0,0,1,0,0,0,1,0,0,1,0,0,1,0,4.048176965
5284681,0,0,0,1,1,1,0,1,1,0,0,1,0,1,1,1,0,0,1,0,0,1,0,1,1,0,1,1,0,5.823908741
4866315,0,1,0,1,1,0,0,1,1,0,1,1,0,0,1,1,0,0,1,0,1,1,0,1,1,0,1,1,0,4.494850022
5396207,0,0,0,1,1,0,0,1,0,0,1,1,0,0,0,0,0,1,1,0,0,0,0,1,0,0,0,0,0,5.356547324
5436146,1,1,1,1,1,0,0,1,1,1,1,1,1,1,0,0,1,1,0,1,0,1,1,1,0,1,1,0,0,5.795880017
4777287,0,0,0,0,0,0,0,0,1,0,0,1,0,0,0,1,0,0,0,0,0,1,0,1,1,0,1,1,0,5.677780705
5072526,1,0,1,1,1,1,0,1,1,1,0,1,0,0,1,1,1,0,0,1,1,0,1,1,1,1,1,0,0,4.408935393
532015,1,0,1,1,1,0,1,0,0,1,0,0,1,1,1,0,0,1,1,1,0,1,1,1,1,0,1,1,1,4.494850022
4549722,0,1,0,1,1,0,0,1,0,0,1,0,0,1,1,0,0,1,1,0,0,1,0,1,1,0,1,1,0,6.397940009
4574040,0,0,0,1,1,0,0,1,0,0,1,0,0,0,0,0,0,1,1,0,0,1,0,1,1,0,1,0,0,4.193820026
3785246,1,0,1,1,1,0,1,0,0,1,0,1,1,0,1,1,1,0,0,1,0,1,1,1,1,1,1,1,1,5.769551079
2436863,0,0,0,0,1,0,0,0,0,0,0,0,0,0,1,0,0,0,0,0,0,1,0,0,1,0,0,0,0,3.547446937
5202736,0,0,0,0,0,0,0,0,1,0,0,0,0,0,1,0,0,0,0,0,1,1,0,1,1,0,0,1,0,4.552841969
3785286,1,1,1,1,0,0,1,1,0,1,0,0,1,0,0,0,0,0,0,0,0,0,1,1,0,0,1,0,0,4.321481621
4534114,0,0,0,1,1,1,0,0,0,0,0,1,0,0,0,0,0,0,0,0,0,0,0,0,0,0,0,0,0,4.721246399
4443174,0,0,0,1,0,0,0,1,1,0,1,1,0,0,1,0,0,0,0,0,0,1,0,1,1,0,1,1,0,4.93930216
4516493,1,0,1,1,0,0,1,0,0,1,1,0,0,0,0,0,1,1,0,1,0,0,1,1,0,1,1,0,1,6.408935393
5409880,0,0,0,1,0,0,0,1,0,0,1,0,0,1,0,0,0,0,0,0,0,0,0,1,0,0,1,0,0,5.37675071
4861637,1,1,0,1,1,0,1,1,1,1,1,1,1,0,1,1,1,0,1,1,1,1,1,1,1,1,0,1,1,4.806875402
2158093,1,0,1,1,0,0,1,0,0,1,0,1,1,0,1,0,0,0,0,1,0,1,1,0,1,1,0,0,1,4.425968732
4162710,1,0,1,0,0,0,1,0,0,1,0,0,1,0,0,1,1,0,0,0,0,0,0,0,0,0,0,0,0,4.604848408
4547208,0,1,0,0,1,1,0,0,1,0,0,1,0,0,1,0,0,0,1,0,0,1,0,0,1,0,0,1,0,4.721246399
609912,1,0,1,0,0,0,1,1,0,1,0,0,1,0,0,0,1,0,0,0,0,0,1,0,0,1,0,0,1,4.787812396
4792003,1,0,1,1,1,0,1,0,0,1,0,1,1,0,1,0,1,0,1,0,0,1,1,0,1,1,0,1,1,5.055517328
4563591,0,0,0,0,0,1,0,1,0,0,0,1,0,1,0,0,0,0,1,0,1,1,0,1,1,0,1,1,0,4.605548319
5188214,0,0,0,0,0,1,0,0,0,0,0,0,0,0,0,0,0,0,0,0,0,1,0,0,1,0,0,1,0,4.920818754
4544643,1,0,1,1,1,0,1,0,0,1,0,1,1,0,0,0,0,0,0,1,0,0,1,0,0,1,0,0,1,5.26760624
4745396,0,0,0,0,0,0,0,0,0,0,0,0,0,0,0,0,0,0,0,0,0,1,0,0,1,0,0,0,0,4.614393726
5437214,1,0,1,1,1,0,1,0,0,1,0,1,1,1,1,0,1,1,0,1,0,1,1,1,0,1,1,0,1,6.552841969
1836443,1,0,0,1,1,1,1,1,1,1,0,1,1,0,1,1,1,0,1,1,1,1,1,1,1,1,1,1,1,6.494850022
4458700,0,0,0,0,1,0,0,1,0,0,1,0,0,0,0,0,0,1,1,0,0,1,0,1,1,0,1,0,0,4.441292389
471108,0,1,0,1,1,1,0,1,1,0,0,1,0,0,1,1,0,0,1,0,0,1,0,1,1,0,1,1,0,7.327902142
2402770,1,0,1,0,1,1,1,0,0,1,0,0,1,0,0,0,1,1,1,1,0,1,1,1,1,1,1,1,1,5.450996738
5397456,1,0,1,1,1,0,1,0,1,1,0,1,1,1,1,1,1,1,1,0,1,1,1,1,1,0,1,1,1,4.455931956
5419900,0,0,0,1,0,0,0,1,0,0,1,0,0,1,0,0,0,0,0,0,0,0,0,1,0,0,1,0,0,5.48148606
4168874,1,0,1,0,0,1,1,0,0,1,0,0,1,0,0,1,0,0,0,1,0,0,0,0,0,0,0,0,0,5.793174124
4547396,0,1,0,1,1,0,0,1,0,0,1,0,0,1,0,0,0,1,1,0,1,1,0,1,1,0,1,0,0,4.193820026
4520051,1,0,1,1,1,0,1,1,0,1,0,0,1,1,1,0,1,0,0,1,1,1,1,1,0,0,1,0,1,4.193820026
4471120,0,0,0,0,1,0,0,1,1,0,1,1,0,0,0,0,0,1,1,0,1,1,0,1,1,0,1,1,0,4.193820026
1518085,0,0,0,1,0,0,0,1,0,0,1,0,0,1,0,0,0,0,0,0,0,0,0,1,0,0,1,0,0,7.096910013
4873603,1,1,1,1,1,0,1,1,1,1,1,1,1,0,1,1,1,0,1,1,1,1,1,0,1,1,0,1,1,5.876148359
4780474,0,0,0,1,1,0,0,0,0,0,0,1,0,0,1,0,0,0,0,0,0,1,0,1,1,0,1,1,0,4.089749228
5175982,0,0,0,0,0,1,0,0,0,0,0,0,0,0,0,0,0,0,0,0,0,1,0,0,1,0,0,1,0,5.193820026
5401384,0,1,0,1,0,0,0,1,0,0,1,0,0,1,0,0,0,1,0,0,0,0,0,1,0,0,1,0,0,5.022276395
4793525,0,0,0,0,0,1,0,0,0,0,0,0,0,0,0,1,0,0,0,0,0,1,0,0,1,0,0,0,0,4.191114133
576112,0,0,0,1,1,1,0,1,1,0,0,1,0,0,1,1,0,0,1,0,0,1,0,1,1,0,1,1,0,4.22184875
4754238,1,0,1,0,0,0,1,0,0,1,0,0,1,0,0,0,1,0,0,1,0,1,1,0,1,1,0,1,1,5.853871964
5427114,0,0,0,1,0,0,0,1,0,0,1,0,0,1,1,0,0,0,0,0,1,1,0,1,1,0,1,1,0,5.920818754
4847386,1,1,1,1,1,0,1,1,1,1,1,1,1,0,1,1,1,0,1,1,1,1,1,0,1,1,0,1,1,4.358525889
4562842,0,1,0,0,1,1,0,0,1,0,0,0,0,0,0,0,0,1,1,0,0,0,0,0,0,0,0,0,0,4.921180817
4784175,1,0,1,0,0,1,1,0,0,1,0,0,1,0,0,1,1,0,0,1,0,1,1,0,1,1,0,1,1,4.288192771
482804,0,0,0,0,0,1,0,0,0,0,0,0,0,0,0,0,0,0,0,0,0,1,0,0,1,0,0,1,0,4.559090918
5071567,0,0,0,0,0,1,0,0,0,0,0,0,0,0,0,0,0,0,0,0,1,1,0,1,1,0,1,1,0,5.552841969
4471287,0,1,0,1,1,0,0,1,0,0,1,0,0,1,1,0,0,1,1,0,0,1,0,1,1,0,1,1,0,6
3908949,0,1,0,1,0,0,0,0,1,0,0,1,0,0,1,1,0,0,1,0,1,1,0,1,1,0,1,1,0,4.048176965
4786119,0,0,0,1,1,0,0,0,1,0,0,1,0,1,1,1,0,1,1,0,0,1,0,1,1,0,1,1,0,4.922632095
4793916,1,0,1,0,0,0,1,0,1,1,0,0,1,1,0,0,1,0,0,1,0,0,1,1,0,1,1,0,1,6
480375,0,0,0,1,1,1,0,1,1,0,0,1,0,0,1,1,0,0,1,0,0,1,0,1,1,0,1,1,0,5.920818754
5433031,0,1,0,0,0,1,0,0,0,0,0,0,0,1,0,0,0,1,1,0,1,1,0,1,1,0,1,1,0,5.517126416
4791657,0,0,0,1,1,0,0,0,0,0,0,1,0,0,0,0,0,0,0,0,0,0,0,0,0,0,0,0,0,5.397940009
4743230,0,0,0,0,0,0,0,0,1,0,0,1,0,0,0,0,0,0,0,0,0,1,0,1,1,0,1,1,0,5.886056648
5421370,0,1,0,1,0,0,0,1,1,0,1,0,0,0,0,0,0,0,1,0,1,1,0,1,1,0,1,1,0,5.089909454
4277070,0,0,0,1,0,0,0,0,0,0,0,1,0,0,1,0,0,0,0,0,0,1,0,0,1,0,0,0,0,4.425968732
4741859,1,0,1,1,1,1,1,1,1,1,0,1,1,0,1,1,1,0,0,1,1,1,1,1,1,1,1,1,1,6.251811973
597164,1,0,1,0,0,0,1,1,0,1,0,0,1,0,0,0,1,0,0,1,0,0,1,0,0,1,0,0,0,3.813608784
4795724,0,0,0,1,1,0,0,0,0,0,0,1,0,0,0,0,0,0,1,0,0,0,0,1,1,0,0,1,0,5.397940009
5399534,0,1,0,1,0,0,0,1,0,0,1,0,0,0,0,0,0,0,0,0,0,1,0,1,1,0,1,1,0,5.188424994
4474408,0,0,0,0,1,0,0,1,1,0,1,0,0,0,0,0,0,1,1,0,1,1,0,1,1,0,1,1,0,4.671319961
5401103,1,1,1,1,1,0,0,1,1,1,1,1,1,1,1,0,1,1,0,1,0,1,0,1,0,1,1,0,1,4.301029996
4792815,1,0,0,1,1,1,1,1,1,1,0,1,1,0,1,1,1,0,1,1,1,1,1,1,1,1,1,1,1,6.677780705
4785394,1,0,1,1,1,0,1,0,1,1,0,1,1,1,1,1,1,1,1,1,0,1,1,1,1,1,1,1,1,5.657577319
5423928,0,0,0,1,0,0,0,1,0,0,1,0,0,1,0,0,0,0,0,0,0,0,0,0,0,0,0,0,0,5.958607315
4863097,1,1,1,1,1,0,1,1,1,1,1,1,1,0,1,1,1,0,1,1,1,1,1,0,1,1,0,1,1,5.217527376
2180352,0,1,0,1,0,0,0,1,1,0,0,1,0,1,0,0,0,0,1,0,0,1,0,1,1,0,1,1,0,5.397940009
4781401,0,0,0,1,1,1,0,1,1,0,0,1,0,0,0,1,0,0,0,0,0,1,0,0,1,0,0,0,0,5.835647144
5268714,0,0,0,0,0,0,0,0,0,0,0,0,0,0,0,0,0,0,0,0,0,1,0,0,1,0,0,1,0,5.30980392
3112679,0,0,0,1,1,1,0,0,0,0,0,1,0,0,0,0,0,0,0,0,0,0,0,0,0,0,0,0,0,4.428291168
4794928,0,1,0,1,1,0,0,1,1,0,0,1,0,0,1,1,0,0,1,0,1,1,0,0,0,0,0,0,0,4.995678626
4436506,0,0,0,0,1,0,0,1,1,0,1,0,0,0,0,0,0,1,1,0,0,1,0,1,1,0,1,0,0,4.193820026
3221952,1,1,1,1,0,0,1,1,0,1,0,0,1,0,0,0,1,0,0,1,0,0,1,0,0,0,0,0,0,5.920818754
3785388,0,1,0,1,0,0,0,1,0,0,0,0,0,0,0,0,0,0,0,0,0,0,0,1,0,0,1,0,0,5.207608311
5285054,0,0,0,1,1,1,0,1,1,0,1,1,0,1,1,0,0,0,1,0,0,1,0,1,1,0,1,1,0,7.13667714
602552,0,0,0,1,1,0,0,0,0,0,1,1,0,0,0,0,0,1,1,0,1,1,0,1,1,0,1,1,0,5.259637311
5435731,0,0,0,1,0,0,0,1,0,0,1,0,0,1,0,0,0,0,0,0,0,0,0,1,0,0,1,0,0,5.48148606
4793334,0,1,0,1,0,1,0,1,1,0,1,1,0,1,1,0,0,0,1,0,1,0,0,1,1,0,0,1,0,4.343901798
4756854,0,0,0,0,0,0,0,0,1,0,0,1,0,0,0,0,0,0,0,0,0,1,0,1,1,0,1,1,0,5
5273984,0,0,0,1,1,1,0,1,1,0,0,1,0,1,1,0,0,0,1,0,0,1,0,1,1,0,1,1,0,5.332547047
4750809,1,0,1,1,1,0,1,0,0,1,0,1,1,0,0,0,1,0,0,1,0,0,1,0,0,1,0,0,1,6.301029996
5432805,1,0,1,1,1,0,1,0,0,1,0,1,1,0,0,0,1,0,0,1,0,1,1,0,0,1,0,0,1,6.13076828
3787254,1,0,0,1,1,0,1,0,0,1,0,1,1,0,1,1,1,0,0,0,0,1,1,1,1,1,1,1,1,5.327902142
4795131,1,0,1,1,1,0,1,0,0,1,0,1,1,0,0,0,1,0,0,0,0,1,1,0,0,0,0,0,1,5.795880017
4451502,0,1,0,1,1,0,0,1,0,0,1,0,0,1,0,0,0,1,1,0,1,1,0,1,1,0,1,0,0,4.193820026
4454686,0,1,0,1,0,1,0,1,0,0,0,0,0,1,0,0,0,0,1,0,0,0,0,1,0,0,1,1,0,5.075720714
4852508,1,1,1,1,1,0,1,1,1,1,1,1,1,0,1,1,1,0,1,1,1,1,1,0,1,1,0,1,1,5.331614083
5430637,1,1,1,0,1,1,1,0,1,1,0,1,1,1,0,0,0,1,1,0,1,1,1,1,1,1,1,1,1,4.335828295
4462717,0,1,0,1,1,0,0,1,0,0,1,0,0,1,1,0,0,1,1,0,0,1,0,1,1,0,1,1,0,6.494850022
5077047,1,0,1,1,1,1,1,1,1,1,0,1,0,0,1,1,1,0,0,1,1,0,1,1,1,1,1,1,0,6.200659451
4526497,1,0,1,1,0,0,1,0,0,1,1,0,1,0,0,0,1,1,0,1,0,0,1,1,0,1,1,0,1,7.744727495
5418265,1,1,1,1,0,0,1,0,0,1,0,0,1,0,0,0,1,0,0,0,0,0,1,0,0,1,0,0,1,4.818156412
5420510,1,1,1,1,0,0,1,0,0,1,0,0,0,0,0,0,1,0,0,1,0,0,1,0,0,0,0,0,1,4.935542011
5402944,0,1,0,1,0,0,0,0,0,0,0,0,0,0,0,0,0,0,0,0,0,0,0,0,0,0,0,0,0,5.036212173
4760278,1,0,1,1,1,0,1,0,0,1,0,1,1,0,0,0,1,0,0,0,0,1,1,0,1,0,0,0,1,6
4453158,0,1,0,0,1,0,0,1,1,0,1,1,0,1,1,0,0,0,1,0,1,1,0,1,1,0,1,1,0,6.494850022
5268762,0,0,0,0,1,0,0,1,0,0,0,0,0,0,1,0,0,0,0,0,0,1,0,1,1,0,1,1,0,4.321937095
4788848,0,1,0,1,0,0,0,1,1,0,1,1,0,0,1,1,0,0,1,0,1,1,0,0,0,0,0,0,0,6.207608311
5407776,1,0,1,1,1,0,1,1,1,1,1,1,1,1,0,0,0,0,1,1,0,0,0,1,0,1,0,0,1,5.619788758
5438299,1,0,1,1,1,0,1,0,0,1,0,1,1,0,0,0,1,0,0,0,0,0,1,0,0,0,0,0,1,4.455931956
3134060,0,0,0,0,0,1,0,0,0,0,0,0,0,0,0,0,0,0,0,0,0,1,0,0,1,0,0,1,0,4.147520006
3084303,1,0,1,1,0,0,1,0,0,1,1,0,1,0,0,0,1,1,0,1,0,0,1,1,0,1,0,0,1,9.045757491
4473523,0,1,0,0,1,0,0,1,1,0,1,1,0,1,1,0,0,0,1,0,1,1,0,1,1,0,1,1,0,5.141462802
5435272,1,1,1,1,1,0,0,1,1,1,1,1,1,1,0,0,1,1,1,1,0,0,1,1,0,1,0,0,0,5.408935393
5198173,1,0,0,1,1,1,1,1,1,1,1,1,1,1,1,0,1,0,1,1,0,1,1,1,1,1,1,1,1,7.055517328
5435021,1,1,1,1,1,0,1,1,1,1,1,1,1,1,0,0,0,1,1,1,0,1,0,1,0,1,1,0,1,5.823908741
5440821,1,0,1,1,1,0,1,1,0,1,1,1,1,0,0,0,1,1,1,1,0,0,1,1,0,1,1,0,1,6.823908741
4777907,0,0,0,1,0,0,0,1,1,0,1,0,0,0,1,0,0,0,1,0,0,1,0,1,0,0,1,0,0,5.793174124
5441054,1,1,1,1,0,0,1,0,0,1,0,0,0,0,0,0,1,0,0,1,0,0,1,0,0,0,0,0,1,4.93930216
4794918,0,0,0,0,0,0,0,0,1,0,0,1,0,0,0,1,0,0,0,0,0,1,0,1,1,0,1,1,0,5.408935393
5396240,1,1,1,1,1,0,0,1,1,1,1,1,1,1,0,0,1,1,0,1,0,1,1,1,0,1,1,0,0,4.619788758
4866244,1,1,1,1,0,0,1,1,0,0,1,0,1,0,0,0,0,0,0,0,0,0,0,0,0,0,0,0,0,4.419075024
4531585,0,0,0,0,1,1,0,1,0,0,0,0,0,0,1,0,0,1,1,0,0,0,0,1,0,0,1,0,0,4.058488567
4793689,1,0,1,0,0,0,1,0,0,1,0,0,1,0,0,1,1,0,0,1,0,1,1,0,0,1,0,0,1,3.47469599
4540277,1,0,1,1,1,0,1,0,0,1,0,1,1,0,0,0,0,0,1,1,0,1,1,0,1,1,0,0,0,4.853871964
4565528,1,1,1,1,0,0,1,1,0,1,0,0,1,0,0,0,1,0,0,1,0,0,0,1,0,0,1,0,1,5.26760624
4791738,0,0,0,0,1,0,0,0,0,0,0,0,0,0,0,1,0,0,0,0,0,1,0,1,1,0,1,1,0,4.991399828
5438957,0,1,0,1,1,0,0,1,0,0,0,1,0,1,1,0,0,1,0,0,0,1,0,1,1,0,1,0,0,5.823908741
4762869,0,0,0,0,0,1,0,0,0,0,0,0,0,0,0,1,0,0,0,0,0,1,0,0,1,0,0,1,0,5.638272164
4848328,0,1,0,1,1,0,0,1,1,0,1,1,0,0,1,1,0,0,1,0,1,1,0,1,1,0,0,1,0,4.53165267
5400848,0,1,0,1,1,0,0,1,0,0,1,1,0,0,1,0,0,1,0,0,0,1,0,1,1,0,1,1,0,6.045757491
4777125,1,0,1,1,1,0,1,0,1,1,0,1,1,1,1,1,0,1,1,1,0,1,1,1,1,1,1,1,1,4.627087997
4098597,1,0,0,1,1,1,1,1,1,1,0,1,1,0,1,1,1,1,1,1,1,1,1,1,1,1,1,1,1,7.30980392
4524621,0,1,0,1,1,0,0,1,0,0,1,0,0,1,1,0,0,1,1,0,0,1,0,1,1,0,1,1,0,5
5192968,0,0,0,0,1,0,0,0,0,0,0,0,0,0,1,0,0,0,1,0,0,1,0,0,1,0,0,1,0,2.455621856
5270251,0,0,0,0,0,0,0,0,0,0,0,0,0,0,0,1,0,0,0,0,0,1,0,0,1,0,0,1,0,2.77525981
4435668,1,0,1,1,1,0,1,1,0,1,1,0,1,0,0,0,1,1,1,1,0,1,0,1,1,1,1,0,1,4.193820026
4749436,1,0,1,1,1,0,1,0,0,1,0,1,1,0,0,0,1,0,0,0,0,0,1,0,0,0,0,0,1,5.698970004
4741611,0,0,0,0,0,1,0,0,0,0,0,0,0,0,0,1,0,0,0,0,0,1,0,0,1,0,0,1,0,3.433326862
4449751,0,0,0,0,0,0,0,1,1,0,1,1,0,0,0,0,0,0,0,0,1,1,0,0,1,0,0,0,0,4.373659633
4459388,0,0,0,1,1,0,0,0,0,0,0,1,0,0,1,0,0,0,1,0,0,1,0,0,1,0,0,0,0,4.886056648
1493289,1,0,1,1,1,1,1,0,0,1,0,1,0,0,0,0,0,0,0,1,0,0,1,0,0,1,0,0,1,4.774690718
4166794,1,0,1,0,0,0,1,0,0,1,0,0,1,0,0,1,1,0,0,0,0,0,0,0,0,0,0,0,0,5.139063379
5092163,1,0,1,1,1,1,1,1,1,1,0,1,1,0,1,1,0,0,1,1,1,1,1,1,1,1,1,1,1,5.958607315
4874704,0,0,0,0,0,0,0,0,0,0,0,0,0,0,0,1,0,0,0,0,0,1,0,0,0,0,0,0,0,4.003488328
4077167,1,0,0,1,1,1,1,1,1,1,0,1,1,0,1,1,1,0,1,1,0,1,1,1,1,1,1,1,0,6.721246399
4517599,0,0,0,0,1,0,0,1,1,0,1,1,0,1,0,0,0,0,0,0,1,1,0,1,1,0,1,1,0,5.696998446
5395484,1,0,1,1,1,0,1,0,0,1,1,1,1,0,0,0,1,1,0,1,0,0,1,1,0,1,0,0,1,6.096910013
4466103,0,0,0,1,1,0,0,0,0,0,0,1,0,0,0,0,0,0,0,0,0,1,0,0,1,0,0,0,0,5.105130343
5076358,1,0,1,1,1,1,1,1,1,1,0,1,1,0,1,1,1,0,0,1,1,1,1,1,1,1,1,1,1,6.537602002
4797001,0,0,0,1,1,1,0,1,1,0,0,1,0,0,0,1,0,0,0,0,0,0,0,0,0,0,0,0,0,5.387216143
5275660,1,0,1,1,0,1,1,1,1,1,1,1,1,1,0,0,0,1,1,1,1,1,1,1,1,1,1,1,1,4.621602099
5429361,0,1,0,1,0,0,0,1,1,0,1,0,0,0,0,0,0,0,1,0,1,1,0,1,1,0,1,1,0,5.045757491
5432895,1,0,1,1,1,0,1,0,0,1,1,1,1,0,0,0,1,1,1,1,0,1,1,1,1,1,0,1,1,4.455931956
4558376,0,0,0,0,0,0,0,0,0,0,0,0,0,0,0,1,0,0,0,0,0,1,0,0,1,0,0,1,0,4.749579998
4451805,0,1,0,1,1,0,0,1,1,0,0,1,0,0,1,0,0,0,1,0,0,1,0,1,1,0,1,1,0,4.966576245
4583963,0,0,0,1,1,1,0,0,0,0,0,1,0,1,1,0,0,0,1,0,0,1,0,1,1,0,0,1,0,4.798602876
5409601,0,1,0,1,1,0,0,1,0,0,0,1,0,1,1,0,0,1,0,0,0,1,0,1,1,0,1,0,0,3.462936857
4593151,1,0,1,0,0,0,1,1,0,1,1,1,1,1,1,0,1,0,0,1,0,1,1,1,1,1,1,1,1,5.30980392
472681,1,0,1,1,0,0,1,1,0,1,1,0,1,1,0,0,1,0,0,1,0,0,1,1,0,0,1,0,0,6.327902142
4535715,1,0,1,1,1,1,1,0,0,1,0,1,1,0,0,0,0,0,0,0,0,0,1,0,0,1,0,0,1,4.619788758
5177031,0,0,0,0,0,0,0,0,0,0,0,1,0,0,0,0,0,0,1,0,0,1,0,0,1,0,0,1,0,5.022276395
4780123,0,0,0,1,1,1,0,0,0,0,0,1,0,0,1,0,0,0,0,0,0,1,0,1,1,0,1,1,0,4.191114133
4473101,1,0,0,1,1,1,1,1,1,1,0,1,1,1,1,0,1,0,1,0,0,1,1,1,1,1,1,1,0,5.537602002
5420540,0,0,0,1,0,0,0,1,0,0,1,0,0,1,0,0,0,0,0,0,0,0,0,1,0,0,0,0,0,6.387216143
4859545,0,1,0,1,1,0,0,1,1,0,1,1,0,0,1,1,0,0,1,0,1,1,0,0,1,0,0,1,0,4.982966661
4522218,1,0,1,1,1,0,1,0,0,1,0,1,1,0,0,0,0,0,0,1,0,0,1,0,0,1,0,0,1,5.879426069
4776460,0,0,0,1,1,0,0,0,1,0,0,1,0,1,1,1,0,1,1,0,0,1,0,1,1,0,1,1,0,4.780939668
4513826,0,1,0,1,1,0,0,1,0,0,0,1,0,0,1,0,0,0,0,0,0,1,0,1,0,0,1,1,0,5.537602002
3799106,0,0,0,0,0,0,0,0,1,0,0,1,0,0,0,1,0,0,0,0,0,1,0,1,1,0,1,1,0,7
4796000,0,0,0,1,1,0,0,0,0,0,0,1,0,0,0,0,0,0,0,0,0,0,0,1,0,0,0,0,0,5.886056648
4442572,0,0,0,0,1,0,0,1,0,0,0,0,0,1,0,0,0,0,0,0,1,1,0,1,1,0,1,1,0,5.621971134
4846430,0,0,0,0,0,1,0,0,0,0,0,0,0,0,0,1,0,0,0,0,0,1,0,0,1,0,0,1,0,5.677780705
4793923,1,0,1,1,1,0,1,0,1,1,0,1,1,1,1,1,1,1,1,0,0,1,1,1,1,1,1,1,1,4.573488739
4800536,0,0,0,1,1,0,0,0,0,0,0,1,0,0,0,0,0,0,0,0,0,1,0,1,0,0,1,0,0,5.795880017
4467729,1,0,1,1,1,0,1,0,0,1,0,1,1,0,0,0,1,0,0,1,0,1,1,0,0,1,0,0,1,6
4739927,0,0,0,0,0,1,0,0,0,0,0,0,0,0,0,1,0,0,0,0,0,1,0,0,1,0,0,1,0,3.991399828
4442466,1,0,1,0,1,0,1,1,0,1,1,1,1,0,1,0,0,0,1,1,0,1,1,1,1,1,1,1,0,4.193820026
583256,1,0,1,1,1,1,1,1,1,1,0,1,1,0,1,1,1,0,1,1,0,1,1,1,1,1,1,1,1,5.431798276
5425051,1,1,1,1,1,1,0,1,1,1,1,1,1,1,1,0,1,1,1,1,1,1,1,1,1,1,1,1,0,5.657577319
5183292,1,0,1,0,0,0,1,1,0,1,0,0,1,0,0,0,1,0,0,0,0,0,1,1,0,1,0,0,1,4.899629455
5415913,1,0,1,1,1,0,1,0,0,1,0,1,1,0,0,0,1,0,0,1,0,0,1,0,0,1,0,0,1,5.657577319
4847019,0,0,0,0,1,1,0,0,1,0,0,1,0,0,0,1,0,0,1,0,0,1,0,0,1,0,0,1,0,4.793713956
4438293,1,0,1,0,1,0,1,1,0,1,1,0,1,0,0,0,0,1,1,1,0,1,1,1,1,1,1,0,1,5.04634805
4846911,1,1,1,1,1,0,1,1,1,1,1,1,1,0,1,1,1,0,1,1,1,1,1,1,1,1,0,1,1,4.343901798
4467639,1,0,1,1,1,0,1,0,0,1,0,1,1,0,0,0,0,0,1,1,0,1,1,0,1,1,0,0,1,5.356547324
5087418,0,0,0,1,1,1,0,1,1,0,0,1,0,0,1,1,0,0,0,0,1,1,0,1,1,0,1,1,0,6.602059991
4565068,1,1,1,1,0,0,1,1,0,1,0,0,1,0,0,0,1,0,0,1,0,0,0,1,0,0,1,0,1,4.379863945
5417508,1,0,1,1,0,0,1,1,0,1,1,0,1,1,0,0,1,0,0,1,0,0,1,1,0,1,0,0,1,6.292429824
4174070,1,0,1,0,0,0,1,0,0,1,0,0,1,0,0,1,0,0,0,0,0,0,0,0,0,0,0,0,0,6.229147988
4762058,1,0,1,0,0,1,1,0,0,1,0,0,1,0,0,1,1,0,0,1,0,1,1,0,1,0,0,0,1,4.289882635
4476327,0,0,0,0,0,0,0,0,0,0,0,0,0,0,0,0,0,0,0,0,0,1,0,0,1,0,0,1,0,4.876148359
527730,1,0,1,0,0,0,1,0,1,1,1,0,1,0,0,0,1,0,0,1,1,1,1,0,1,0,0,1,1,5.408935393
4751346,0,0,0,1,0,0,0,1,1,0,0,1,0,0,1,1,0,0,1,0,1,1,0,0,0,0,0,0,0,4.510041521
5421631,1,1,1,0,1,1,1,0,1,1,0,1,1,1,0,0,0,1,1,0,1,1,1,1,1,1,1,1,1,5.448550002
5073339,1,0,0,1,1,1,1,1,1,1,0,1,1,0,1,1,1,0,0,0,1,1,1,1,1,1,1,1,1,7.283996656
5396329,0,1,0,0,1,1,0,0,1,0,0,1,0,1,0,0,0,1,1,0,1,1,0,1,1,0,1,1,0,5.308034897
4442071,0,0,0,0,1,0,0,1,0,0,1,0,0,0,0,0,0,1,1,0,1,1,0,1,1,0,1,0,0,4.591012708
4565485,0,0,0,0,0,0,0,0,0,0,0,0,0,0,0,0,0,0,0,0,0,1,0,0,1,0,0,1,0,4.785156152
5434690,1,1,1,1,0,0,1,1,0,1,1,0,1,1,0,0,1,0,0,1,0,0,1,1,0,0,1,0,0,4.080398976
5410814,1,0,1,1,1,0,1,1,0,1,1,1,1,1,1,0,1,0,1,1,1,0,1,1,0,1,1,0,1,5.958607315
5432269,1,0,1,0,0,0,1,0,0,1,0,0,1,0,0,1,1,0,0,1,0,1,1,0,1,1,0,1,1,4.122053048
1467,0,1,0,1,1,0,0,1,0,0,1,1,0,0,0,0,0,0,0,0,0,0,0,0,0,0,0,0,0,5.010995384
4754526,1,0,1,0,0,1,1,1,0,1,1,1,1,0,1,0,1,0,0,1,0,1,1,1,0,1,1,0,1,4.826813732
4763275,1,0,1,0,0,1,1,0,0,1,0,0,1,0,0,1,1,0,0,1,0,1,1,0,1,1,0,0,1,5.48148606
5192901,0,0,0,0,0,1,0,0,0,0,0,0,0,0,0,0,0,0,0,0,0,1,0,0,1,0,0,1,0,4.744727495
5431531,1,0,1,1,1,0,1,0,0,1,1,1,1,0,0,0,1,1,0,1,0,0,1,1,0,1,0,0,1,4.37675071
5406197,0,1,0,1,0,0,0,0,0,0,0,0,0,0,0,0,0,0,0,0,0,0,0,1,0,0,0,0,0,4.406713933
4858833,0,0,0,0,0,0,0,0,0,0,0,0,0,0,0,1,0,0,0,0,0,1,0,0,1,0,0,0,0,4.020451625
5421644,0,1,0,1,1,0,0,1,0,0,1,1,0,0,1,0,0,1,0,0,0,1,0,0,1,0,0,1,0,4.268411235
4756338,1,1,0,1,1,1,1,1,1,1,0,1,1,0,1,1,1,0,1,0,1,1,1,1,1,1,1,1,1,6.657577319
4278785,0,0,0,0,1,1,0,0,1,0,1,0,0,1,1,0,0,0,1,0,0,0,0,0,0,0,0,0,0,3.999088938
4851955,0,1,0,1,1,1,0,1,1,0,1,1,0,0,1,1,0,1,1,0,1,1,0,1,1,0,1,1,0,4.987162775
5423315,1,0,1,1,1,0,1,1,1,1,0,1,1,1,0,0,1,0,0,1,0,0,1,0,0,1,0,0,1,5.958607315
5416170,0,1,0,1,1,0,0,1,1,0,1,1,0,1,0,0,0,1,0,0,0,1,0,1,1,0,1,0,0,4.468521083
5408464,0,0,0,1,0,0,0,1,0,0,1,0,0,1,0,0,0,0,0,0,0,0,0,1,0,0,1,0,0,5.13076828
4846834,1,1,1,1,1,0,1,1,1,1,1,1,1,0,1,1,1,0,1,1,1,1,0,0,0,0,0,0,0,5.974694135
5430056,0,1,0,1,1,0,0,1,1,0,1,1,0,1,0,0,0,1,1,0,0,1,0,1,1,0,1,1,0,4.193820026
5433316,0,1,0,1,0,0,0,1,0,0,1,0,0,1,0,0,0,1,0,0,0,0,0,1,0,0,1,0,0,5.823908741
4787692,1,0,1,1,1,0,1,0,0,1,0,1,1,0,0,0,0,0,0,1,0,0,0,0,0,1,0,0,1,6
4875805,1,1,1,1,1,0,1,1,1,1,1,1,1,0,1,1,1,0,1,1,1,1,1,0,1,1,0,1,1,5.982966661
4776970,1,0,1,1,1,1,1,1,1,1,0,1,1,0,1,1,1,0,0,1,1,1,1,1,1,1,1,1,1,6.337242168
4796163,0,1,0,1,0,1,0,1,1,0,1,1,0,1,1,0,0,0,1,0,0,0,0,0,0,0,0,0,0,3.45136494
5274484,0,1,0,1,0,0,0,1,0,0,1,0,0,0,0,0,0,0,0,0,0,0,0,0,0,0,0,0,0,5.943095149
5094515,0,0,0,1,1,1,0,1,1,0,0,1,0,0,1,1,0,0,0,0,1,0,0,1,1,0,1,1,0,6.229147988
4872012,0,1,0,1,1,0,0,1,1,0,1,1,0,0,1,1,0,0,1,0,1,1,0,0,0,0,0,0,0,5.329754147
5403982,0,1,0,1,0,0,0,1,1,0,1,1,0,1,1,1,0,0,1,0,1,1,0,1,1,0,0,1,0,4.995678626
531738,1,0,1,1,1,0,1,1,0,1,1,0,1,1,0,0,1,1,0,1,1,1,1,1,1,0,1,0,1,4.772113295
4863983,0,0,0,1,0,0,0,0,0,0,0,1,0,0,0,1,0,0,1,0,1,1,0,1,1,0,1,1,0,4.954677021
569379,1,0,1,1,1,1,1,1,1,1,0,1,1,0,1,1,1,0,1,1,0,1,1,1,1,1,1,1,1,5.244125144
5419390,0,1,0,0,1,1,0,0,1,0,0,1,0,1,0,0,0,1,1,0,1,1,0,1,1,0,1,1,0,5.13667714
110,0,0,0,1,1,1,0,1,1,0,0,0,0,1,1,0,0,0,1,0,0,1,0,1,1,0,1,1,0,5.635073966
4752953,1,0,1,0,0,0,1,0,0,1,0,0,1,0,0,0,1,0,0,1,0,1,1,0,1,1,0,1,1,5.795880017
4797639,1,0,1,1,1,0,1,0,0,1,0,1,1,0,1,0,1,0,0,1,0,1,0,0,1,1,0,0,1,4.437707136
4543554,0,0,0,0,1,0,0,1,1,0,1,1,0,0,0,0,0,1,1,0,0,1,0,1,1,0,1,1,0,5.40680479
5092648,1,0,1,1,1,1,0,1,1,1,0,1,0,0,1,1,1,0,0,1,1,0,1,1,1,1,1,0,0,5.431798276
5415037,1,1,1,1,0,0,1,1,0,1,1,0,1,1,0,0,1,0,1,1,1,1,1,1,1,0,1,1,1,4.527243551
4444033,1,0,1,0,1,0,1,1,1,1,1,1,1,0,0,0,0,1,1,1,1,1,1,1,1,1,1,1,1,5.389417549
3974809,0,1,0,1,0,0,0,0,1,0,0,1,0,0,1,1,0,0,1,0,1,1,0,1,1,0,1,1,0,4.061980903
4758694,0,1,0,1,0,0,0,1,0,0,1,1,0,0,1,1,0,0,1,0,1,1,0,0,0,0,0,0,0,5.419075024
590014,1,0,1,0,0,0,1,1,0,1,0,0,1,0,0,0,1,0,0,0,0,0,1,0,0,1,0,0,1,4.452225295
4776374,1,0,1,0,0,1,1,1,0,1,0,1,1,0,1,0,1,1,0,1,0,1,1,1,1,1,1,1,1,5.537602002
598596,1,0,1,0,0,0,1,1,0,1,0,0,1,0,0,0,1,0,0,1,0,0,1,0,0,1,0,0,1,4.876148359
5093590,1,0,1,1,1,1,1,1,1,1,0,1,1,0,1,1,0,0,0,1,1,1,1,1,1,1,1,1,1,6.008773924
4740040,0,0,0,0,1,1,0,0,0,0,0,0,0,0,0,0,0,0,0,0,0,1,0,1,1,0,1,1,0,5.605548319
5413444,0,0,0,1,1,1,0,1,1,0,1,1,0,1,1,1,0,0,0,0,1,1,0,1,1,0,1,0,0,4.642065153
5418513,0,1,0,0,1,1,0,0,1,0,0,1,0,1,0,0,0,1,1,0,1,1,0,1,1,0,1,1,0,5.11577123
2058057,1,0,1,1,1,0,1,0,0,1,0,1,1,0,0,0,0,0,0,1,0,0,1,0,0,1,0,0,1,4.703773713
5426308,0,1,0,1,0,1,0,1,0,0,1,0,0,0,0,0,0,0,0,0,0,1,0,1,1,0,1,1,0,5.200659451
4581805,1,0,1,1,1,0,1,0,0,1,0,1,1,0,0,0,0,0,0,1,0,0,1,0,0,1,0,0,1,5.325138859
225083,0,0,0,1,0,0,0,0,0,0,0,0,0,0,0,0,0,1,0,0,0,0,0,1,0,0,1,0,0,6.017728767
533921,1,0,1,0,1,0,1,0,1,1,0,1,1,0,0,1,1,0,1,1,0,1,1,1,1,1,0,1,1,4.494850022
3786871,1,1,1,1,0,0,1,1,0,1,0,0,1,0,0,0,1,0,0,0,0,0,1,1,0,1,1,0,0,5.214670165
4460104,0,0,0,0,0,0,0,0,0,0,0,0,0,0,0,1,0,0,0,0,0,1,0,0,1,0,0,1,0,4.844663963
4453528,0,0,0,1,0,1,0,0,0,0,1,0,0,1,0,0,0,1,1,0,1,1,0,1,1,0,1,1,0,5.443697499
5270249,1,0,1,1,0,0,1,0,0,1,0,0,1,0,0,0,0,0,0,1,0,0,1,0,0,1,0,0,1,4.876148359
4780643,1,0,1,1,1,1,1,0,0,1,0,1,1,0,1,1,0,0,0,1,1,1,1,1,1,1,0,1,1,4.754487332
2158090,0,0,0,1,0,0,0,0,0,0,0,1,0,0,1,0,0,0,0,0,0,1,0,0,1,0,0,0,0,4.425968732
4464299,0,0,0,0,0,1,0,0,0,0,0,0,0,0,0,0,0,0,0,0,0,1,0,0,1,0,0,1,0,4.638272164
4585853,0,0,0,0,0,0,0,0,0,0,0,0,0,0,0,1,0,0,0,0,0,1,0,0,1,0,0,1,0,4.684029655
3787599,1,1,1,1,0,0,1,1,0,1,0,0,0,0,0,0,1,0,0,1,0,0,0,1,0,0,1,0,1,5.214670165
4475359,1,0,1,0,0,0,1,1,0,1,0,1,1,0,0,0,0,0,0,1,1,1,1,1,1,0,1,1,1,4.643974143
4462623,1,1,1,1,1,0,1,1,0,1,1,0,0,1,1,0,1,1,1,1,0,1,0,1,1,1,1,1,1,6.602059991
5423362,0,1,0,1,1,0,0,1,0,0,1,1,0,0,1,0,0,1,0,0,0,1,0,0,1,0,0,1,0,4.945386945
591128,0,0,0,0,1,0,0,0,0,0,0,0,0,0,0,0,0,0,0,0,0,1,0,1,1,0,1,1,0,4.749579998
5421514,0,0,0,1,0,0,0,1,0,0,1,0,0,1,0,0,0,0,0,0,0,0,0,1,0,0,1,0,0,5.356547324
5435270,0,0,0,1,0,0,0,1,0,0,1,0,0,1,0,0,0,1,0,0,0,0,0,1,0,0,1,0,0,5.036212173
4864944,0,0,0,0,1,1,0,0,1,0,0,1,0,0,0,1,0,0,1,0,0,1,0,0,1,0,0,1,0,4.25735341
4753024,0,0,0,0,0,0,0,0,0,0,0,0,0,0,0,0,0,0,0,0,0,1,0,0,1,0,0,1,0,4.05207638
5409481,0,0,0,1,0,0,0,1,0,0,1,0,0,1,0,0,0,1,0,0,0,0,0,1,0,0,1,0,0,5.568636236
5075288,0,0,0,0,0,1,0,0,0,0,0,0,0,0,0,0,0,0,0,0,0,1,0,1,1,0,1,1,0,4.478861916
5417985,1,1,1,1,0,0,1,1,0,1,1,0,1,1,0,0,1,0,0,1,0,0,1,1,0,1,1,0,1,4.159266765
5440476,0,0,0,0,1,0,0,0,0,0,0,0,0,0,0,0,0,0,0,0,0,0,0,1,1,0,1,1,0,4.896196279
4791840,0,0,0,1,1,1,0,1,1,0,0,1,0,0,1,1,0,0,1,0,0,1,0,1,1,0,1,1,0,5.568636236
4847835,0,0,0,0,0,1,0,0,0,0,0,0,0,0,0,1,0,0,0,0,0,1,0,0,1,0,0,1,0,4.882728704
4792832,1,1,0,1,1,1,1,1,1,1,0,1,1,0,1,1,1,0,1,1,1,1,1,1,1,1,1,1,1,6.420216403
4580128,0,0,0,1,1,1,0,0,0,0,0,1,0,0,0,0,0,1,1,0,1,1,0,1,1,0,1,1,0,5.585026652
4746300,1,0,1,1,1,1,1,1,1,1,0,1,1,0,1,1,1,0,1,0,0,1,1,1,1,1,1,1,0,6.522878745
4564795,1,0,1,0,1,0,1,1,1,1,1,1,1,0,1,1,0,1,1,1,1,1,1,1,1,1,1,1,1,4.447884188
4751511,1,0,1,1,1,0,1,0,0,1,0,1,1,0,0,0,1,0,0,0,0,1,1,0,0,1,0,0,1,4.698970004
5433026,1,1,1,1,1,0,0,1,1,1,1,1,1,1,0,0,1,1,0,1,0,1,1,1,0,1,1,0,1,6.004364805
5414474,0,0,0,1,0,0,0,1,0,0,1,0,0,1,0,0,0,0,0,0,0,0,0,1,0,0,1,0,0,6.142667504
4440993,1,1,1,1,1,0,1,1,0,1,1,0,0,1,1,0,1,1,1,1,0,1,0,1,1,1,1,1,1,6.102372909
5403620,1,0,1,1,1,0,0,1,1,1,0,1,1,1,0,0,1,1,0,1,0,1,1,1,0,1,1,0,1,5.031517051
5430844,1,1,1,1,0,0,1,1,0,1,0,0,1,0,0,0,1,0,0,1,0,0,1,0,0,0,0,0,0,4.537302592
4788295,1,0,1,0,0,0,1,0,0,1,0,0,1,0,0,0,1,0,0,1,0,1,1,0,1,1,0,1,1,5.853871964
4066553,1,0,0,1,1,1,1,1,1,1,0,1,1,0,1,1,1,0,0,0,1,1,1,1,1,1,1,1,1,6.853871964
4448649,0,1,0,1,1,0,0,1,1,0,0,0,0,1,1,0,0,1,1,0,0,1,0,1,1,0,1,1,0,5.508638306
5283145,0,1,0,1,0,1,0,0,0,0,0,0,0,0,0,0,0,0,0,0,0,1,0,1,1,0,1,1,0,5.442492798
5436197,0,1,0,1,1,0,0,1,0,0,0,1,0,1,1,0,0,1,0,0,0,1,0,1,1,0,1,0,0,3.491874464
5431556,1,1,1,1,1,1,1,1,1,1,1,1,1,1,0,0,1,1,1,1,0,1,1,1,1,1,1,1,1,4.193820026
4519951,0,0,0,0,1,1,0,1,0,0,0,1,0,0,1,0,0,1,1,0,1,1,0,1,1,0,1,1,0,3.920818754
4467706,0,0,0,0,1,0,0,1,0,0,1,0,0,0,0,0,0,1,1,0,0,1,0,0,1,0,0,0,0,4.193820026
4462993,0,1,0,1,1,0,0,1,0,0,1,0,0,1,1,0,0,1,1,0,0,1,0,1,1,0,1,1,0,4.886056648
5411349,1,0,1,1,1,0,1,0,0,1,0,1,1,1,0,0,1,1,0,0,0,1,1,1,0,0,1,0,1,4.619788758
1593888,0,0,0,1,0,0,0,1,0,0,1,0,0,1,0,0,0,0,0,0,0,0,0,0,0,0,0,0,0,6.769551079
5418866,0,1,0,1,1,0,0,1,0,0,1,1,0,0,1,0,0,1,0,0,0,1,0,0,1,0,0,1,0,3.953895213
4746812,0,0,0,0,0,1,0,0,0,0,0,0,0,0,0,1,0,0,0,0,0,1,0,0,1,0,0,1,0,5.795880017
4457353,0,0,0,0,0,0,0,1,0,0,0,0,0,0,0,0,0,1,0,0,0,0,0,1,0,0,1,0,0,4.721246399
4543883,0,1,0,1,1,0,0,1,0,0,1,0,0,1,1,0,0,1,1,0,0,1,0,1,1,0,1,1,0,6.698970004
3609558,0,0,0,0,0,0,0,0,0,0,0,0,0,0,0,1,0,0,0,0,0,1,0,0,1,0,0,1,0,3.961777362
5425056,0,1,0,0,1,1,0,0,1,0,0,1,0,1,0,0,0,1,1,0,1,1,0,1,1,0,1,1,0,5.580044252
4753123,0,0,0,0,0,0,0,0,1,0,0,1,0,0,1,1,0,0,0,0,0,1,0,1,1,0,0,1,0,4.721246399
582420,0,0,0,1,1,0,0,0,0,0,0,0,0,0,1,1,0,1,0,0,0,1,0,1,1,0,1,1,0,4.494850022
4551139,1,0,1,1,0,0,1,0,0,1,1,0,1,0,0,0,1,1,0,1,0,0,1,1,0,1,1,0,1,8.698970004
5416056,1,1,1,1,1,0,1,1,1,1,1,1,1,1,0,0,1,1,0,1,0,1,1,1,0,1,1,0,1,5.823908741
4741228,1,0,1,0,0,0,1,0,0,1,0,0,1,0,0,0,1,0,0,1,0,1,1,0,1,1,0,1,1,5.327902142
4749669,1,0,1,1,1,0,1,0,0,1,0,1,1,0,0,0,1,0,0,1,0,0,1,0,0,1,0,0,1,6.102372909
4160933,1,0,1,0,0,0,1,0,0,1,0,1,1,0,1,1,1,0,0,0,0,0,0,0,0,0,0,0,0,6.251811973
286722,0,0,0,0,1,1,0,1,1,0,0,0,0,0,1,1,0,0,1,0,0,1,0,1,1,0,1,1,0,4.498940738
2158103,0,0,0,1,0,0,0,0,0,0,0,1,0,0,1,0,0,0,0,0,0,1,0,0,1,0,0,0,0,4.425968732
4078293,1,0,0,1,1,1,1,1,1,1,0,1,1,0,1,1,1,0,1,0,0,1,1,1,1,1,1,1,0,6.397940009
193804,0,1,0,1,0,1,0,1,0,0,0,0,0,0,0,0,0,1,0,0,1,0,0,0,1,0,0,0,0,5.490797478
4760509,1,0,0,1,0,1,1,1,1,1,0,1,1,0,1,1,1,0,0,0,1,1,1,1,1,1,1,1,1,5.958607315
4581687,1,0,1,1,1,0,1,0,0,1,0,1,0,0,0,0,1,0,0,1,0,0,1,0,0,0,0,0,0,4.619788758
4864316,1,1,1,1,1,0,1,1,1,1,1,1,1,0,1,1,1,0,1,1,1,1,1,0,1,1,0,1,1,5.473660723
4848850,0,1,0,1,1,0,0,1,1,0,1,1,0,0,1,1,0,0,1,0,1,1,0,1,1,0,0,1,0,4.739928612
4757893,0,0,0,0,0,1,0,0,0,0,0,0,0,0,0,1,0,0,0,0,0,1,0,0,1,0,0,0,0,5.602059991
1580926,0,0,0,1,0,0,0,1,0,0,1,0,0,0,0,0,0,0,0,0,0,0,0,0,0,0,0,0,0,5.381951903
4878985,0,0,0,1,0,0,0,0,0,0,0,1,0,0,0,0,0,0,1,0,0,0,0,1,0,0,0,0,0,4.669586227
4474710,0,1,0,0,1,0,0,1,0,0,1,0,0,0,1,0,0,0,1,0,0,1,0,1,1,0,0,1,0,4.301029996
5436408,1,1,1,1,0,0,1,1,0,1,1,0,1,1,0,0,0,0,0,1,0,0,1,0,0,1,0,0,1,4.844056982
5435383,0,1,0,1,0,0,0,0,0,0,0,1,0,1,1,0,0,1,0,0,0,1,0,1,1,0,1,1,0,5.512861625
4444108,0,0,0,0,0,0,0,0,0,0,0,0,0,0,0,1,0,0,0,0,0,1,0,0,1,0,0,0,0,4.906578315
1762554,0,0,0,0,0,0,0,0,0,0,0,0,0,0,0,1,0,0,0,0,0,1,0,0,1,0,0,0,0,3.939679971
5436598,1,1,1,1,0,0,1,1,0,1,1,0,1,1,0,0,1,0,0,1,0,0,1,1,0,1,1,0,1,4.308034897
5428034,0,0,0,1,0,0,0,1,0,0,1,0,0,1,0,0,0,0,0,0,0,0,0,1,0,0,1,0,0,6
420248,1,0,1,1,0,0,1,0,0,1,1,0,1,0,0,0,1,1,0,1,0,0,1,1,0,1,0,0,1,7.366531544
4469889,0,0,0,0,1,0,0,1,0,0,0,0,0,1,0,0,0,0,0,0,1,1,0,1,1,0,1,1,0,5.68117523
4571629,1,0,1,1,0,1,1,0,0,1,1,0,1,1,0,0,1,1,1,1,0,1,1,1,1,1,1,1,1,5.209011525
5091586,1,0,1,1,1,1,1,1,1,1,0,1,1,0,1,1,1,0,0,1,1,0,1,1,1,1,1,1,0,6.356547324
5181032,0,0,0,0,0,0,0,0,0,0,0,1,0,0,0,0,0,0,1,0,0,1,0,0,1,0,0,1,0,4.823908741
4570410,0,0,0,0,0,0,0,1,0,0,1,0,0,0,0,0,0,1,0,0,0,0,0,1,0,0,0,0,0,3.694648631
4784057,1,0,1,1,1,0,1,0,1,1,0,1,1,1,1,1,0,1,1,1,1,1,1,1,1,1,1,1,1,4.54668166
5285221,0,0,0,1,0,1,0,0,0,0,0,1,0,0,1,0,0,0,0,0,0,1,0,0,1,0,0,0,0,4.2915791
4750344,0,1,0,1,0,1,0,1,1,0,1,1,0,1,1,0,0,0,1,0,0,1,0,0,0,0,0,0,0,5.26760624
4856014,0,0,0,1,0,1,0,0,1,0,0,1,0,0,0,0,0,0,1,0,0,1,0,1,1,0,0,1,0,5.657577319
5430989,1,0,1,1,1,0,0,0,0,1,1,1,1,1,0,0,1,1,1,1,0,1,1,1,1,1,1,1,1,5.638272164
3198028,0,1,0,1,0,0,0,1,0,0,0,0,0,1,0,0,0,1,0,0,0,0,0,0,0,0,0,0,0,3.774871712
5425731,0,0,0,1,0,0,0,1,0,0,1,0,0,1,0,0,0,1,0,0,0,0,0,1,0,0,1,0,0,4.744727495
423172,0,1,0,1,0,1,0,1,1,0,1,1,0,1,0,0,0,1,1,0,1,0,0,0,0,0,0,0,0,5.425968732
4592498,0,0,0,1,0,0,0,1,1,0,1,1,0,0,1,0,0,0,0,0,0,1,0,1,1,0,1,1,0,6.26760624
241902,0,1,0,1,0,0,0,1,0,0,0,0,0,0,0,0,0,1,0,0,0,0,0,0,0,0,1,0,0,4.70333481
4542963,0,0,0,0,0,0,0,1,1,0,1,1,0,0,0,0,0,0,0,0,1,1,0,1,1,0,1,1,0,3.751536282
5201784,0,0,0,0,0,0,0,0,0,0,0,0,0,0,0,0,0,0,1,0,0,1,0,1,1,0,1,1,0,4.823908741
5403828,0,1,0,1,1,0,0,1,1,0,1,1,0,1,1,0,0,1,0,0,0,1,0,1,1,0,1,0,0,5.055517328
5425331,1,1,1,1,1,0,1,1,1,1,1,1,1,1,0,0,1,1,0,1,0,1,1,1,0,1,1,0,1,5.677780705
4441740,0,0,0,1,1,0,0,0,0,0,1,0,0,0,0,0,0,0,1,0,0,1,0,1,1,0,0,0,0,4.193820026
4789913,0,0,0,1,1,0,0,0,0,0,0,1,0,0,1,0,0,0,0,0,0,1,0,1,1,0,1,0,0,4.253910957
5412315,1,0,1,1,1,0,1,1,1,1,0,1,1,1,0,0,1,0,0,1,0,0,1,0,0,1,0,0,1,5.638272164
4445583,1,0,1,1,0,1,1,0,0,1,1,0,1,0,0,0,1,1,0,1,0,1,1,1,1,1,0,1,1,7.537602002
4790259,1,0,1,0,0,1,1,0,0,1,0,0,1,0,0,1,1,0,0,1,0,1,1,0,1,1,0,1,1,3.441771578
4473162,1,0,1,0,1,0,1,1,0,1,1,0,1,0,0,0,0,1,1,1,0,1,1,1,1,1,1,0,1,4.998677851
4847909,0,0,0,0,0,0,0,0,0,0,0,0,0,0,0,1,0,0,0,0,0,1,0,0,0,0,0,0,0,3.788345599
5413778,1,1,1,1,1,0,0,1,1,1,1,1,1,1,0,0,1,1,0,1,0,1,1,1,0,1,1,0,1,4.193820026
4563122,0,1,0,1,1,0,0,1,0,0,1,0,0,1,1,0,0,1,1,0,0,1,0,1,1,0,1,1,0,4.397940009
5289903,0,1,0,1,0,1,0,1,1,0,1,1,0,1,1,0,0,1,1,0,1,0,0,0,0,0,0,0,0,4.413412695
3250581,0,1,0,1,0,0,0,1,0,0,0,0,0,1,0,0,0,1,0,0,0,0,0,1,0,0,1,0,0,5.896196279
4534738,0,1,0,1,0,0,0,1,0,0,1,0,0,0,1,0,0,0,1,0,1,1,0,0,0,0,1,1,0,4.197910742
2402762,1,1,1,1,1,1,1,1,1,1,1,1,1,1,1,0,1,0,0,0,1,1,1,1,1,0,1,1,1,5.20481541
5413988,0,0,0,1,0,0,0,1,1,0,1,0,0,1,1,0,0,0,0,0,1,1,0,1,1,0,1,1,0,4.455931956
4740748,0,0,0,1,1,0,0,0,0,0,0,1,0,0,0,0,0,0,0,0,0,1,0,1,0,0,1,0,0,5.886056648
4754860,0,0,0,0,0,0,0,0,0,0,0,0,0,0,0,0,0,0,0,0,0,0,0,0,0,0,0,0,0,4.202040356
4459251,0,0,0,1,1,0,0,1,0,0,1,0,0,0,0,0,0,1,1,0,0,1,0,1,1,0,1,0,0,4.193820026
1386172,0,0,0,1,0,0,0,1,0,0,1,0,0,1,0,0,0,0,0,0,0,0,0,1,0,0,1,0,0,6.346787486
5272488,0,0,0,1,0,0,0,1,0,0,0,0,0,0,0,0,0,0,0,0,0,0,0,0,0,0,0,0,0,5.991399828
5203502,1,0,1,0,0,0,1,1,0,1,0,0,1,0,0,0,1,0,0,1,0,0,1,1,0,1,0,0,1,5.102372909
5419208,0,0,0,1,0,0,0,1,0,0,1,0,0,1,0,0,0,1,0,0,0,0,0,1,0,0,1,0,0,5.15490196
5405717,0,0,0,1,0,0,0,1,0,0,1,0,0,1,0,0,0,1,0,0,0,0,0,1,0,0,1,0,0,6.251811973
5078497,1,0,1,1,1,1,1,1,1,0,0,1,1,0,1,1,0,0,0,1,1,1,1,1,1,1,1,0,1,5.48148606
4537131,0,0,0,0,1,1,0,1,0,0,0,0,0,0,1,0,0,1,1,0,1,1,0,1,1,0,1,1,0,3.886056648
1316091,0,0,0,1,1,0,0,0,1,0,1,0,0,0,1,0,0,0,1,0,1,1,0,1,1,0,1,1,0,4.193820026
4585620,1,0,1,0,0,0,1,0,0,1,0,1,1,0,0,0,0,0,0,1,0,1,1,1,1,1,0,1,1,4.749579998
4743207,0,0,0,0,1,1,0,0,0,0,0,0,0,0,1,1,0,0,1,0,0,1,0,0,1,0,0,1,0,3.912218582
4465523,0,0,0,0,0,0,0,1,0,0,1,1,0,1,1,0,0,0,0,0,0,1,0,1,1,0,1,1,0,4.638272164
589527,1,0,1,0,0,0,1,1,0,1,0,0,1,0,0,0,1,0,0,0,0,0,1,0,0,0,0,0,0,3.879755204
4091850,1,0,0,1,1,1,1,1,1,1,0,1,1,0,1,1,1,0,1,1,1,1,1,1,1,1,1,1,1,6.619788758
5395178,0,1,0,1,0,0,0,0,0,0,0,0,0,0,0,0,0,0,0,0,0,0,0,0,0,0,0,0,0,5.008773924
4853515,1,1,1,1,1,0,1,1,1,1,1,1,1,0,1,1,1,0,1,1,1,1,1,0,0,0,0,0,0,5.080921908
5427134,1,0,1,1,1,0,1,1,0,1,1,1,1,1,0,0,1,1,1,1,1,0,1,1,0,1,1,0,1,6.292429824
503486,0,0,0,1,0,0,0,1,0,0,1,0,0,0,0,0,0,1,0,0,0,0,0,1,0,0,1,0,0,7.698970004
4580467,0,0,0,1,1,0,0,1,0,0,0,0,0,1,1,0,0,0,0,0,1,1,0,1,1,0,1,1,0,4.397883337
1806719,0,0,0,0,0,0,0,0,0,0,0,0,0,0,0,0,0,0,0,0,0,0,0,0,0,0,0,0,0,6.045757491
5395967,1,1,1,0,1,1,1,0,1,1,0,1,1,1,0,0,0,1,1,0,1,1,1,1,1,1,1,1,1,5.617982957
4743683,0,1,0,1,1,0,0,1,1,0,0,0,0,1,1,0,0,1,1,0,1,1,0,1,1,0,1,1,0,4.67840157
4446901,0,0,0,0,0,0,0,0,0,0,0,0,0,0,0,0,0,0,0,0,0,1,0,0,1,0,0,1,0,4.575118363
5434744,0,0,0,0,1,0,0,0,1,0,0,0,0,0,0,0,0,0,0,0,0,0,0,1,1,0,1,1,0,5.744727495
4573679,0,1,0,1,1,0,0,1,1,0,1,1,0,0,1,1,0,0,1,0,1,1,0,0,0,0,0,0,0,6.537602002
1806802,0,0,0,0,0,0,0,0,0,0,0,0,0,0,0,0,0,0,0,0,0,0,0,0,0,0,0,0,0,5.769551079
4533522,1,0,1,1,1,0,1,0,0,1,0,1,1,0,0,0,1,0,0,0,0,1,1,0,0,1,0,0,1,4.585026652
5200784,1,0,0,1,1,1,1,1,1,1,1,1,1,1,1,0,1,0,1,1,0,1,1,1,1,1,1,1,0,6.638272164
4867530,0,1,0,1,1,0,0,1,1,0,1,1,0,1,1,1,0,1,1,0,1,1,0,1,1,0,0,0,0,6.366531544
4472750,0,0,0,0,1,0,0,1,1,0,1,1,0,0,0,1,0,1,1,0,0,1,0,1,1,0,1,1,0,5.922043743
5269176,0,0,0,1,1,1,0,1,1,0,0,1,0,1,1,1,0,0,1,0,0,1,0,1,1,0,1,1,0,5.638272164
4562164,1,1,1,1,1,0,1,1,0,1,1,0,1,1,1,0,1,1,1,1,0,1,1,1,1,1,1,1,1,7
4857392,0,1,0,1,1,0,0,1,1,0,1,1,0,1,1,1,0,0,1,0,1,1,0,0,0,0,0,0,0,6.022276395
5401083,0,1,0,1,0,0,0,1,0,0,1,0,0,0,0,0,0,0,0,0,0,1,0,1,1,0,1,1,0,5.653647026
4778729,0,0,0,1,1,0,0,0,0,0,0,1,0,0,0,0,0,0,0,0,0,0,0,1,0,0,0,0,0,6
4516776,0,0,0,0,0,0,0,0,0,0,0,0,0,0,0,0,0,0,0,0,0,1,0,0,1,0,0,1,0,5.026872146
4567467,1,0,1,1,1,1,1,0,0,1,0,1,1,0,0,0,0,0,1,1,1,1,1,0,1,1,0,1,0,4.37675071
5438379,0,0,0,1,0,0,0,1,0,0,1,0,0,1,0,0,0,0,0,0,0,0,0,1,0,0,1,0,0,5.795880017
5396484,1,0,1,1,1,0,0,0,0,1,1,1,1,1,0,0,1,1,1,1,0,1,1,1,0,1,1,0,1,5.065501549
4576694,0,1,0,0,1,0,0,1,1,0,1,1,0,1,1,0,0,0,0,0,0,1,0,1,1,0,1,1,0,4.774690718
1922313,1,1,1,1,0,0,1,1,0,1,1,0,1,0,0,0,1,0,0,1,0,0,0,0,0,1,0,0,0,4.557520231
5428870,0,0,0,1,0,1,0,1,0,0,1,1,0,1,0,0,0,0,1,0,0,1,0,0,1,0,0,1,0,4.301029996
5428082,1,0,1,1,1,0,1,0,1,1,1,1,1,1,1,0,1,1,0,0,0,1,1,1,1,0,1,1,1,4.431798276
4782384,0,0,0,0,0,0,0,0,1,0,0,1,0,0,0,1,0,0,0,0,0,1,0,1,1,0,1,1,0,4.88941029
4783345,0,1,0,1,0,1,0,1,1,0,1,1,0,1,1,0,0,0,1,0,0,1,0,1,1,0,1,1,0,4.26520017
469912,0,0,0,1,1,0,0,1,1,0,1,1,0,0,1,1,0,1,1,0,1,1,0,1,1,0,1,1,0,5.602059991
4782917,0,0,0,1,1,1,0,0,1,0,0,1,0,1,1,0,0,1,0,0,1,1,0,1,1,0,1,1,0,4.430158101
5405518,1,1,1,1,0,0,1,1,0,1,1,1,0,1,0,0,1,0,1,1,0,1,1,0,1,0,0,1,1,4.829738285
5178535,0,0,0,0,0,0,0,0,0,0,0,1,0,0,0,0,0,0,1,0,0,1,0,0,1,0,0,1,0,4.886056648
4869834,1,0,1,0,1,1,1,0,1,1,0,1,0,0,0,1,1,0,1,1,0,1,1,0,1,1,0,1,1,4.700492701
4584496,0,1,0,1,0,0,0,1,0,0,1,0,0,0,0,0,0,1,0,0,0,0,0,1,0,0,1,0,0,5.215382707
4751562,1,0,1,1,0,0,1,1,0,1,1,1,1,0,1,1,1,0,1,1,1,1,1,0,1,1,0,1,1,5.982966661
4074551,0,0,0,0,0,0,0,0,0,0,0,1,0,0,0,0,0,0,0,0,0,1,0,1,1,0,1,1,0,4.612610174
4787156,0,0,0,0,0,0,0,0,1,0,0,1,0,0,1,1,0,0,0,0,0,1,0,1,1,0,0,1,0,4.832682665
4436088,1,1,1,1,0,0,1,1,0,1,1,0,0,0,0,0,1,0,0,1,0,0,1,0,0,0,0,0,1,4.074687909
1922311,1,1,1,1,0,0,1,1,0,1,1,0,1,0,0,0,1,0,0,1,0,0,0,0,0,1,0,0,0,4.510041521
5432798,1,1,1,1,1,0,1,1,1,1,1,1,1,1,0,0,1,1,1,1,1,0,1,1,0,1,1,0,1,5.124938737
4792087,1,0,1,1,1,0,1,0,0,1,0,1,1,1,1,0,1,0,0,0,0,0,1,1,0,0,1,0,1,5.102372909
4455659,0,0,0,0,1,1,0,1,0,0,0,0,0,0,1,0,0,1,1,0,1,1,0,1,1,0,1,1,0,4
4850460,0,0,0,0,1,1,0,0,1,0,0,1,0,0,0,1,0,0,1,0,0,1,0,0,1,0,0,1,0,4.37161107
1443198,0,0,0,1,1,0,0,0,0,0,0,1,0,0,0,0,0,0,0,0,0,0,0,0,0,0,0,0,0,5.301029996
5394191,1,0,1,1,1,0,1,0,0,1,0,1,1,1,1,0,1,1,1,0,1,1,1,1,1,0,1,1,1,5.080921908
4454994,1,0,1,0,0,0,1,0,0,1,0,0,0,0,0,1,1,0,0,1,0,1,1,0,1,1,0,0,1,5.180456064
3608949,1,0,1,1,1,1,1,1,1,1,0,1,1,0,0,1,1,1,1,1,1,1,1,1,1,0,1,1,1,7.657577319
4533238,0,1,0,1,1,0,0,1,0,0,1,0,0,1,0,0,0,1,1,0,1,0,0,1,0,0,1,0,0,4.193820026
1922308,0,1,0,1,0,0,0,1,0,0,1,0,0,0,0,0,0,0,0,0,0,0,0,0,0,0,0,0,0,4.074687909
4764594,1,1,1,1,0,0,1,1,1,1,1,1,1,0,1,1,1,0,1,1,1,1,1,0,1,1,0,1,1,5.610833916
607853,1,0,1,0,0,0,1,1,0,1,0,0,1,0,0,0,1,0,0,0,0,0,1,0,0,1,0,0,1,4.062482108
598597,1,0,1,0,0,0,1,1,0,1,0,0,1,0,0,0,1,0,0,1,0,0,1,0,0,1,0,0,1,4.586700236
5427436,1,0,1,1,1,0,1,0,0,1,1,1,1,0,0,0,1,1,0,1,0,0,1,1,0,1,1,0,1,5.036212173
4796419,1,0,1,0,0,1,1,0,0,1,0,0,1,0,0,1,1,0,0,1,0,1,1,0,1,0,0,0,1,3.825358807
5277857,0,0,0,1,1,1,0,1,1,0,0,1,0,1,1,0,0,0,1,0,0,1,0,1,1,0,1,1,0,6.677780705
5426258,0,1,0,1,0,0,0,1,0,0,1,0,0,1,0,0,0,1,0,0,0,0,0,1,0,0,1,0,0,5.920818754
1277662,0,0,0,0,0,0,0,0,0,0,0,0,0,0,0,0,0,0,0,0,0,1,0,0,1,0,0,1,0,4.312471039
4778067,0,0,0,0,0,0,0,0,1,0,0,1,0,0,0,1,0,0,0,0,0,1,0,1,1,0,1,1,0,5.15490196
5267783,0,0,0,1,1,1,0,1,1,0,1,1,0,1,1,0,0,0,1,0,0,1,0,1,1,0,1,1,0,7.292429824
4866134,0,0,0,1,0,0,0,0,0,0,0,1,0,0,0,0,0,0,1,0,0,1,0,1,0,0,0,0,0,4.605548319
90593,0,0,0,0,0,0,0,0,0,0,0,0,0,0,0,0,0,0,0,0,0,1,0,0,1,0,0,0,0,4.207608311
3113800,0,0,0,0,1,1,0,0,0,0,0,0,0,0,0,0,0,0,0,0,0,0,0,1,1,0,1,1,0,5.431798276
5399087,0,0,0,1,0,0,0,1,0,0,1,0,0,1,0,0,0,0,0,0,0,0,0,1,0,0,1,0,0,4.508638306
4762586,1,0,0,1,1,1,1,1,1,1,0,1,1,0,1,1,1,0,1,1,1,1,0,1,1,1,1,1,1,6.48148606
4458383,0,0,0,0,0,0,0,0,0,0,0,0,0,0,0,1,0,0,0,0,0,1,0,0,1,0,0,1,0,4.756961951
4780891,0,0,0,1,1,0,0,0,0,0,0,1,0,0,1,0,0,1,1,0,0,1,0,1,1,0,1,0,0,5.657577319
5428477,0,0,0,1,0,0,0,1,0,0,1,0,0,1,0,0,0,0,0,0,0,0,0,1,0,0,1,0,0,5.568636236
5183153,1,0,1,0,0,0,1,0,0,1,0,0,0,0,0,1,1,0,0,1,0,1,1,0,1,1,0,1,1,4.416801226
4859043,0,1,0,1,1,0,0,1,1,0,1,1,0,0,1,1,0,0,1,0,1,1,0,0,1,0,0,1,0,4.494850022
4777352,1,0,1,0,1,1,0,0,1,1,0,0,1,0,1,1,0,0,0,0,0,0,0,0,0,0,0,0,0,4.759450752
4876776,0,0,0,0,0,1,0,0,0,0,0,0,0,0,0,1,0,0,0,0,0,1,0,0,1,0,0,1,0,5.397940009
4443900,1,0,1,1,0,0,1,0,0,1,1,0,1,0,0,0,1,1,0,1,0,0,1,1,0,1,1,0,1,7.318758763
5432196,1,1,1,1,1,0,1,1,1,1,0,0,1,1,1,1,1,1,1,1,0,1,1,1,1,1,1,1,1,4.4225082
3787052,1,1,1,1,0,0,1,1,0,1,0,0,1,0,0,0,1,0,0,0,0,0,0,1,0,1,1,0,0,5.259637311
4544754,0,0,0,0,1,0,0,1,1,0,1,1,0,0,0,0,0,1,1,0,0,1,0,1,1,0,1,1,0,5.962573502
5420380,0,1,0,1,1,0,0,1,0,0,1,1,0,0,1,0,0,1,0,0,0,1,0,1,1,0,0,1,0,4.958607315
4763097,0,0,0,0,0,1,0,0,1,0,0,1,0,0,1,1,0,0,0,0,1,1,0,1,1,0,0,1,0,4.728158393
4578554,0,0,0,0,1,0,0,1,1,0,0,1,0,1,1,0,0,0,0,0,1,1,0,1,1,0,1,1,0,4.193820026
4437976,1,0,0,1,1,0,1,0,0,1,0,1,1,0,1,0,1,0,1,1,0,1,0,0,1,1,0,0,1,6.721246399
580140,1,0,1,0,0,0,1,0,0,1,1,0,1,0,0,0,0,0,0,1,0,0,1,1,0,1,1,0,0,4.804100348
4177434,1,0,1,0,0,0,1,0,0,1,0,0,1,0,0,1,1,0,0,0,0,0,0,0,0,0,0,0,0,5.450996738
4476039,0,1,0,0,1,0,0,1,1,0,1,1,0,1,1,0,0,0,1,0,1,1,0,1,1,0,1,1,0,5.500312917
591429,0,1,0,0,1,0,0,1,1,0,1,1,0,0,1,0,0,1,1,0,0,1,0,1,1,0,1,1,0,4.853871964
27289,1,0,1,1,0,0,1,0,0,1,0,1,0,0,0,0,1,0,1,1,0,0,1,1,0,1,1,0,1,4.619788758
4785448,1,0,1,1,1,1,1,1,1,1,0,1,1,0,1,1,1,1,1,1,0,1,1,1,1,1,1,1,1,6.173925197
4870182,0,0,0,0,0,1,0,0,0,0,0,0,0,0,1,0,0,0,0,0,0,0,0,0,0,0,0,0,0,5.790484985
4454479,0,0,0,0,1,0,0,1,0,0,0,0,0,1,0,0,0,0,0,0,1,1,0,1,1,0,1,1,0,5.139434423
4513759,1,0,1,1,1,0,1,0,0,1,0,1,1,0,0,0,0,1,0,1,0,1,1,1,0,1,1,0,0,5.638272164
4450535,0,1,0,1,0,0,0,1,0,0,0,0,0,0,0,0,0,0,0,0,0,0,0,1,0,0,1,0,0,5.026872146
4540451,0,0,0,1,1,1,0,1,0,0,0,1,0,0,1,0,0,1,1,0,1,1,0,1,1,0,1,1,0,4.769551079
4746266,1,0,1,1,1,0,1,0,0,1,0,1,1,0,0,0,0,0,0,1,0,0,0,0,0,1,0,0,1,5.795880017
4461563,0,0,0,0,0,0,0,0,0,0,0,0,0,0,0,1,0,0,0,0,0,1,0,0,1,0,0,1,0,4.517126416
5421578,0,0,0,1,0,0,0,1,0,0,1,0,0,1,0,0,0,0,0,0,0,0,0,1,0,0,1,0,0,6.552841969
4526496,0,0,0,1,1,0,0,0,0,0,0,1,0,0,1,0,0,0,1,0,0,1,0,0,1,0,0,1,0,5.602059991
4854361,1,1,1,1,1,0,1,1,1,1,1,1,1,0,1,1,1,0,1,1,1,1,1,0,1,1,0,1,1,5.424812155
4740139,0,0,0,0,0,0,0,0,0,0,0,0,0,0,0,0,0,0,0,0,0,1,0,0,0,0,0,0,0,5.031517051
3786510,0,1,0,1,0,0,0,1,0,0,0,0,0,0,0,0,0,0,0,0,0,0,0,1,0,0,1,0,0,5.200659451
4868240,0,0,0,0,0,0,0,0,0,0,0,0,0,0,0,1,0,0,0,0,0,1,0,0,1,0,0,1,0,3.518270803
5412130,0,1,0,1,1,0,0,1,0,0,1,1,0,0,1,0,0,1,0,0,0,1,0,1,1,0,1,1,0,5.37675071
5439860,0,1,0,1,1,0,0,1,0,0,0,0,0,1,1,0,0,0,0,0,1,1,0,1,1,0,1,1,0,4.161780778
1806804,0,0,0,0,0,0,0,0,0,0,0,0,0,0,0,0,0,0,0,0,0,0,0,1,0,0,1,0,0,6.045757491
4443655,1,0,1,0,1,0,1,1,1,1,1,1,1,0,0,0,0,1,1,1,1,1,1,1,1,1,1,1,1,5.080969002
4791570,0,0,0,1,1,0,0,0,0,0,0,0,0,0,0,0,0,0,1,0,0,1,0,0,1,0,0,0,0,4.806875402
4451604,0,0,0,0,0,0,0,1,0,0,0,0,0,0,0,0,0,1,0,0,0,0,0,1,0,0,1,0,0,5.096910013
4440828,0,0,0,0,0,0,0,1,0,0,0,0,0,0,0,0,0,1,0,0,0,0,0,1,0,0,1,0,0,4.262012674
5396041,1,0,1,1,1,0,1,1,1,1,0,1,1,1,0,0,1,1,0,1,0,1,1,1,0,1,1,0,1,4.769551079
4536182,1,0,1,1,1,0,1,1,0,1,1,0,1,0,0,0,1,1,1,1,0,1,1,1,1,1,0,0,1,4.193820026
4591061,1,0,1,0,1,0,1,1,0,1,1,1,0,0,0,0,1,1,1,1,0,1,1,1,1,1,1,1,1,5.426316307
4514329,1,0,1,1,1,0,1,0,0,1,0,1,1,0,0,0,0,0,0,1,0,0,1,0,0,1,0,0,0,6.387216143
4784402,0,0,0,1,1,0,0,0,1,0,0,1,0,1,1,1,0,1,1,0,0,1,0,1,1,0,1,1,0,4.91721463
5280258,1,0,1,0,0,0,1,0,0,1,0,0,1,0,0,1,1,0,0,1,0,1,1,0,1,1,0,1,1,3.321390583
5076866,1,0,1,1,1,1,1,1,1,1,0,1,1,0,1,1,1,0,0,1,1,0,1,1,1,1,1,1,0,6.27572413
4634483,1,1,1,1,0,0,1,1,1,1,1,1,1,0,1,1,1,0,1,1,1,1,1,0,1,1,0,1,1,6.26760624
3787410,1,1,0,1,1,1,1,1,1,1,0,1,1,0,1,1,1,0,0,0,1,1,1,1,1,1,1,1,1,6.142667504
4800217,0,1,0,1,0,1,0,1,1,0,1,1,0,1,1,0,0,1,1,0,0,1,0,1,1,0,0,1,0,4.385102784
4448813,0,0,0,0,1,1,0,1,0,0,0,0,0,0,1,0,0,1,1,0,1,1,0,1,1,0,1,1,0,4.187086643
4858791,1,0,1,0,1,1,1,0,1,1,0,1,1,0,0,1,1,0,1,0,0,1,1,0,1,1,0,1,1,4.276462238
4854457,1,0,1,1,0,0,1,0,0,1,0,1,1,0,0,0,1,0,1,1,0,0,1,1,0,1,0,0,1,4.632644079
3785309,0,1,0,1,0,0,0,1,0,0,0,0,0,0,0,0,0,0,0,0,0,0,0,1,0,0,1,1,0,4.493494968
4450630,1,0,1,1,0,1,1,1,1,1,0,1,1,0,1,0,1,0,0,1,0,1,1,1,1,1,0,1,1,5.207608311
5402626,0,1,0,1,0,0,0,1,0,0,1,0,0,0,0,0,0,0,0,0,0,1,0,1,1,0,1,1,0,5.709965389
4456503,0,1,0,1,1,0,0,1,0,0,0,1,0,0,1,0,0,0,0,0,0,0,0,1,1,0,1,1,0,6.522878745
4470169,0,0,0,1,1,1,0,1,0,0,0,0,0,0,1,0,0,1,1,0,1,1,0,1,1,0,1,1,0,4.017728767
3945406,0,1,0,1,0,0,0,0,1,0,0,1,0,0,1,1,0,0,1,0,1,1,0,1,1,0,1,1,0,3.670602121
4763140,1,0,1,0,0,1,1,1,0,1,1,1,1,0,1,0,1,0,0,1,0,1,1,1,0,1,1,1,1,5.585026652
5083939,1,0,1,1,1,1,1,1,1,1,0,1,0,0,1,1,1,0,0,1,1,0,1,1,1,1,1,1,0,6.065501549
4475528,0,0,0,0,0,0,0,1,0,0,0,0,0,0,0,0,0,1,0,0,0,0,0,1,0,0,1,0,0,4.659555885
5420110,1,1,1,1,1,0,0,1,1,1,1,1,1,1,0,0,1,1,1,1,1,0,1,1,0,1,0,0,0,5.086186148
4796757,0,0,0,1,1,0,0,0,0,0,0,1,0,0,1,0,0,0,0,0,0,1,0,0,1,0,0,0,0,4.714442691
4434707,1,1,1,1,0,0,1,1,0,1,0,0,1,0,0,0,1,0,0,1,0,0,0,1,0,0,1,0,1,5.167491087
4572520,0,0,0,0,1,0,0,1,1,0,1,1,0,0,0,0,0,1,1,0,1,1,0,1,1,0,1,1,0,5.98530729
4450115,0,0,0,0,0,0,0,1,1,0,1,1,0,0,0,0,0,0,0,0,1,1,0,1,1,0,1,1,0,5.13667714
5077670,1,0,1,1,1,1,1,1,1,1,0,1,1,0,1,1,0,0,1,1,1,1,1,1,1,1,1,1,1,6.045757491
4441266,1,0,1,1,0,0,1,0,0,1,1,0,1,1,0,0,1,1,0,1,0,0,1,1,0,1,1,0,1,4.922632095
4776282,1,0,1,1,1,1,1,1,1,1,0,1,1,0,1,1,1,0,0,1,1,1,1,1,1,1,1,1,1,6.508638306
4579832,0,1,0,0,1,0,0,1,1,0,1,1,0,1,1,0,0,1,1,0,1,1,0,1,1,0,1,1,0,6.202732459
1765791,0,1,0,1,0,0,0,1,0,0,1,0,0,0,0,0,0,1,0,0,0,0,0,0,0,0,0,0,0,5.690369833
4786189,0,0,0,1,1,0,0,0,0,0,0,1,0,0,0,0,0,0,0,0,0,0,0,0,0,0,0,0,0,4.886056648
5399856,0,0,0,1,1,0,0,1,1,0,1,1,0,1,0,0,0,0,1,0,0,0,0,1,0,0,0,0,0,5.075720714
4870204,1,1,1,1,1,0,1,1,1,1,1,1,1,0,1,0,1,0,1,1,1,1,1,0,1,1,0,1,1,5.603800653
4526948,1,0,1,1,1,0,1,0,0,1,0,1,1,0,0,0,1,0,1,0,0,1,1,0,1,1,0,0,1,4.698970004
4850625,1,0,1,0,0,0,1,0,0,1,0,0,1,0,0,1,1,0,0,1,0,1,1,0,1,1,0,0,1,4.145693958
4097978,1,0,0,1,1,1,1,1,1,1,0,1,1,0,1,1,1,0,0,1,1,1,1,1,1,1,1,1,1,7.397940009
1443205,0,0,0,1,0,0,0,1,0,0,1,0,0,1,0,0,0,0,0,0,0,0,0,0,0,0,0,0,0,7
5415925,1,1,1,1,1,0,0,1,1,1,1,1,1,1,1,0,1,1,1,1,1,1,1,1,1,1,1,1,1,4.420216403
5274848,0,0,0,1,0,0,0,0,0,0,0,0,0,0,0,0,0,0,0,0,0,0,0,0,0,0,0,0,0,5.698970004
5193350,0,0,0,0,0,0,0,0,0,0,0,1,0,0,0,0,0,0,1,0,0,1,0,0,1,0,0,1,0,4.744727495
4445780,1,1,1,1,1,0,1,1,0,1,1,0,1,1,1,0,1,1,1,1,0,1,1,1,1,0,1,1,1,6.886056648
5431894,1,1,1,1,1,0,0,1,1,1,1,1,1,1,1,0,1,1,1,1,1,1,1,1,1,1,1,1,0,4.193820026
5429755,1,1,1,1,1,0,0,1,1,1,1,1,1,1,0,0,1,1,0,1,0,1,1,1,1,1,1,1,1,5.080921908
4858079,1,1,1,1,1,0,1,1,1,1,1,1,1,0,1,1,1,0,1,1,1,1,1,0,1,1,0,1,1,5.197910742
4447849,1,1,1,1,1,0,1,1,0,1,0,1,0,0,1,0,1,0,0,1,0,1,1,1,0,0,1,1,0,4.493494968
5289640,0,0,0,0,1,1,0,0,0,0,0,0,0,0,1,1,0,0,0,0,1,1,0,1,1,0,1,1,0,5.910094889
1806713,0,0,0,0,0,1,0,0,0,0,0,0,0,0,0,0,0,1,0,0,1,0,0,0,0,0,0,0,0,5.886056648
3105168,0,0,0,0,1,1,0,1,0,0,0,0,0,0,1,0,0,1,1,0,1,1,0,1,1,0,1,1,0,8.15490196
4743470,0,0,0,1,1,0,0,0,0,0,0,1,0,0,0,0,0,0,0,0,0,0,0,1,0,0,0,0,0,5.301029996
4468270,1,0,1,1,0,0,1,0,0,1,1,0,1,0,0,0,1,1,0,1,0,0,1,1,0,1,1,0,1,8.522878745
4460126,0,0,0,0,1,0,0,1,1,0,1,1,0,0,0,0,0,1,1,0,1,1,0,1,1,0,1,1,0,5.661543506
5085151,1,0,1,1,1,1,1,1,1,1,0,1,1,0,1,1,0,0,0,1,1,1,1,1,1,1,1,1,1,6.823908741
4867967,1,0,1,1,0,0,1,0,0,1,0,1,1,0,0,0,1,0,1,1,0,0,0,1,0,1,1,0,1,5.13076828
5201175,0,0,0,1,1,1,0,1,1,0,0,1,0,1,1,0,0,0,1,0,0,1,0,1,1,0,1,1,0,7
5433477,0,1,0,1,0,0,0,1,0,0,1,0,0,1,0,0,0,0,0,0,0,0,0,1,0,0,1,0,0,5.207608311
125,0,0,0,0,0,1,0,0,1,0,0,0,0,0,1,0,0,0,0,0,0,1,0,1,1,0,1,1,0,4.681936665
5171206,0,0,0,0,0,0,0,0,0,0,0,1,0,0,0,0,0,0,1,0,0,1,0,0,1,0,0,1,0,3.272458743
4853502,0,0,0,1,0,1,0,0,0,0,0,1,0,0,1,0,0,0,1,0,0,0,0,1,1,0,0,1,0,4.665546249
4589440,0,1,0,1,1,0,0,1,1,0,0,1,0,0,1,0,0,0,1,0,0,1,0,1,1,0,1,1,0,5.30980392
5077619,1,0,1,1,1,1,1,1,1,1,0,1,1,0,1,1,0,0,1,1,1,1,1,1,1,1,1,1,1,6.107905397
5397116,0,0,0,0,0,1,0,0,0,0,0,0,0,0,0,0,0,0,0,0,0,1,0,1,1,0,1,1,0,5.051587034
4790544,0,0,0,1,1,1,0,0,0,0,0,1,0,0,1,0,0,0,1,0,0,1,0,1,1,0,1,1,0,5.107905397
5411674,0,1,0,1,0,0,0,1,0,0,1,0,0,0,0,0,0,0,0,0,0,1,0,1,1,0,1,1,0,6.48148606
4468706,0,0,0,0,0,0,0,0,0,0,0,0,0,0,0,0,0,0,0,0,0,1,0,0,1,0,0,1,0,5.022276395
4470549,0,0,0,0,1,0,0,1,0,0,1,0,0,0,0,0,0,1,1,0,0,1,0,1,1,0,1,0,0,4.193820026
5422504,0,1,0,1,0,0,0,1,1,0,1,0,0,0,0,0,0,0,1,0,1,1,0,1,1,0,1,1,0,5.081969663
5180720,1,0,1,0,0,0,1,1,0,1,0,0,1,0,0,0,1,0,0,0,0,0,1,1,0,1,0,0,1,5.124938737
4781677,1,0,0,1,1,0,1,0,0,1,0,1,1,0,0,0,1,0,0,1,1,1,1,0,0,0,1,1,1,6
4573318,1,0,1,0,0,0,1,0,0,1,0,1,1,0,0,0,1,0,0,0,0,1,1,1,1,1,0,1,1,4.448550002
4634737,0,0,0,0,0,1,0,1,1,0,1,1,0,1,1,1,0,0,1,0,1,1,0,1,1,0,1,1,0,5.721246399
4439836,0,0,0,0,1,1,0,1,1,0,1,1,0,0,1,1,0,1,1,0,1,1,0,1,1,0,1,1,0,4.289883481
4747355,1,0,1,1,1,0,1,0,0,1,0,1,0,0,0,0,1,0,0,0,0,0,1,0,0,1,0,0,1,5.795880017
4870411,0,1,0,1,1,0,0,1,1,0,1,1,0,0,1,1,0,0,1,0,1,1,0,0,1,0,0,1,0,4.882728704
4777742,1,0,1,1,1,1,1,1,1,1,0,1,0,0,1,1,1,0,0,1,1,0,1,1,1,1,1,1,0,6.346787486
4785216,1,0,1,1,1,0,1,0,0,1,0,1,0,0,0,0,1,0,0,0,0,0,1,0,0,1,0,0,1,5.698970004
1519988,0,0,0,1,1,1,0,0,0,0,0,1,0,0,0,0,0,0,0,0,0,0,0,0,0,0,0,0,0,4.623423043
5440313,0,0,0,0,1,0,0,0,0,0,0,0,0,0,1,0,0,0,1,0,0,0,0,0,0,0,0,0,0,6.214670165
4439528,1,0,1,0,1,0,1,1,1,1,1,1,1,0,0,0,1,1,1,1,1,1,1,1,1,1,1,1,1,4.193820026
4580807,1,1,1,1,1,1,1,1,0,1,1,0,1,1,0,0,1,1,1,1,1,1,1,1,1,1,1,0,0,4.529938378
4446224,0,0,0,0,1,0,0,1,0,0,1,0,0,0,0,0,0,1,1,0,0,1,0,1,1,0,1,0,0,5.070726715
5283670,0,0,0,1,1,1,0,1,1,0,0,1,0,1,1,0,0,1,1,0,0,1,0,1,1,0,1,1,0,6.26760624
4547047,0,0,0,0,0,0,0,0,0,0,0,0,0,0,0,1,0,0,0,0,0,1,0,0,1,0,0,1,0,4.521433504
1609237,1,0,1,1,1,0,1,0,0,1,0,1,1,0,0,0,1,0,0,0,0,0,1,0,0,0,0,0,1,4.301029996
5083602,0,0,0,0,0,1,0,0,0,0,0,0,0,0,0,0,0,0,0,0,0,1,0,1,1,0,1,1,0,3.4597957
4560586,0,0,0,0,0,0,0,1,1,0,1,1,0,0,0,0,0,0,0,0,1,1,0,1,1,0,0,0,0,4.384049948
5434485,0,1,0,1,1,1,0,1,1,0,1,1,0,1,0,0,0,1,1,0,1,1,0,1,1,0,1,1,0,6.200659451
4448121,0,1,0,0,1,0,0,1,1,0,1,1,0,1,1,0,0,0,1,0,1,1,0,1,1,0,1,1,0,5.416801226
4570441,0,1,0,0,1,0,0,1,1,0,1,1,0,1,1,0,0,0,0,0,1,1,0,1,1,0,1,1,0,4.66756154
5272020,0,0,0,1,1,1,0,1,1,0,1,1,0,1,1,0,0,0,1,0,0,1,0,1,1,0,1,1,0,6.920818754
4870319,1,0,1,1,0,0,1,1,0,1,0,0,1,0,0,0,1,0,0,1,0,0,1,0,0,1,0,0,1,5.920818754
5403990,0,0,0,1,0,0,0,1,0,0,1,0,0,1,0,0,0,0,0,0,0,0,0,1,0,0,1,0,0,5.744727495
4541417,1,1,1,1,1,0,1,1,1,1,1,1,1,1,0,0,0,1,1,1,1,1,1,1,0,1,1,0,1,4.193820026
4473616,0,0,0,0,0,1,0,0,0,0,0,0,0,0,0,1,0,0,0,0,0,1,0,0,1,0,0,1,0,5.096910013
4751988,0,0,0,0,0,0,0,0,0,0,0,0,0,0,0,0,0,0,0,0,0,1,0,0,1,0,0,1,0,3.950781977
5440869,1,0,1,1,1,0,1,0,0,1,0,1,1,0,0,0,1,0,0,1,0,0,1,0,0,1,0,0,1,6.036212173
4777983,1,0,1,1,1,0,1,0,0,1,0,1,1,0,0,0,1,0,0,0,0,1,1,0,0,1,0,0,1,6.301029996
4795446,0,0,0,1,1,0,0,0,0,0,0,1,0,0,1,0,0,0,0,0,0,1,0,0,1,0,0,0,0,5.086186148
4849956,1,0,1,0,0,0,1,0,0,1,0,0,1,0,0,1,1,0,0,1,0,0,1,0,0,0,0,0,0,3.803547458
5417976,1,1,1,1,1,0,1,1,1,1,1,1,1,1,0,0,1,1,0,1,0,1,1,1,0,1,1,0,1,4.193820026
4755787,1,0,0,1,1,1,1,1,1,1,0,1,1,0,1,1,1,0,0,1,1,1,1,1,1,0,1,1,1,7.27572413
4743974,0,0,0,1,1,0,0,0,0,0,0,1,0,0,1,1,0,0,0,0,1,1,0,0,1,0,0,1,0,5.200659451
55929,0,0,0,0,0,0,0,0,0,0,0,0,0,0,0,0,0,0,0,0,0,0,0,1,1,0,0,0,0,6.060480747
5192820,1,0,1,0,0,1,1,1,0,1,0,0,1,0,0,0,1,1,0,0,1,1,1,1,1,1,1,1,1,4.850780887
4166557,0,0,0,0,0,1,0,0,0,0,0,0,0,0,0,1,0,0,0,0,0,1,0,0,1,0,0,1,0,4.197910742
4463311,1,0,1,0,0,0,1,0,0,1,0,1,0,0,0,0,1,0,0,1,0,1,1,1,1,1,0,1,1,4.728158393
5437505,0,1,0,1,0,0,0,0,0,0,0,0,0,0,0,0,0,0,0,0,0,0,0,0,0,0,0,0,0,5.031517051
5425204,0,1,0,1,0,1,0,1,1,0,1,1,0,0,1,0,0,0,0,0,1,1,0,1,1,0,1,1,0,5.107905397
4281156,0,0,0,0,1,1,0,0,1,0,0,0,0,1,1,0,0,0,1,0,0,0,0,0,0,0,0,0,0,4.010327752
4783202,0,0,0,0,0,0,0,0,1,0,0,1,0,0,1,1,0,0,1,0,0,1,0,1,1,0,1,1,0,4.832682665
5401364,1,0,1,1,1,0,0,0,0,1,1,1,1,1,0,0,1,1,0,1,0,1,1,1,0,1,1,0,1,6.26760624
4462887,0,1,0,0,1,0,0,1,1,0,1,1,0,1,1,0,0,0,0,0,1,1,0,1,1,0,1,1,0,5.282329497
4784548,1,0,1,1,1,0,1,0,0,1,0,1,1,0,0,0,1,0,0,0,0,0,1,0,0,0,0,0,1,5.677780705
4463426,0,0,0,0,1,0,0,1,0,0,0,0,0,0,0,0,0,1,0,0,0,1,0,1,1,0,1,1,0,4.598334483
4456340,0,0,0,1,0,1,0,0,0,0,1,0,0,1,0,0,0,1,1,0,0,1,0,1,1,0,1,1,0,4.989276135
4162297,1,0,1,0,0,0,1,0,0,1,0,0,1,0,0,1,1,0,0,1,0,0,0,0,0,0,0,0,0,6
4752918,1,0,1,0,0,0,1,0,0,1,0,0,1,0,0,0,1,0,0,1,0,1,1,0,1,1,0,1,1,5.795880017
4745382,1,0,1,0,0,1,1,1,0,1,0,1,1,0,1,0,1,1,0,1,0,1,1,1,1,1,1,1,1,5.113509275
4762333,0,1,0,1,0,1,0,1,1,0,1,1,0,1,1,0,0,0,1,0,0,1,0,1,1,0,0,1,0,4.598599459
4534861,0,0,0,0,0,1,0,0,0,0,0,0,0,0,0,1,0,0,0,0,0,1,0,0,1,0,0,1,0,5
3609557,1,0,1,0,0,0,1,0,0,1,0,0,1,0,0,1,1,0,0,1,0,1,1,0,1,1,0,1,1,4.260427656
5174077,0,0,0,0,0,0,0,0,0,0,0,1,0,0,0,0,0,0,1,0,0,1,0,0,1,0,0,1,0,4.552841969
1103,0,1,0,0,1,1,0,0,1,0,0,1,0,1,0,0,0,1,1,0,1,1,0,0,1,0,0,0,0,5.696803943
1393813,0,0,0,1,0,0,0,1,0,0,1,0,0,1,0,0,0,0,0,0,0,0,0,0,0,0,0,0,0,5.677780705
4790411,1,0,1,1,0,0,1,1,0,1,1,1,0,0,1,1,1,0,1,1,1,1,1,0,1,1,0,1,1,6.468521083
4472874,1,0,1,1,1,0,1,0,0,1,0,1,1,0,0,0,0,0,0,1,0,0,1,0,0,1,0,0,0,6.022276395
4762969,0,0,0,0,0,0,0,0,0,0,0,0,0,0,0,1,0,0,0,0,0,0,0,0,0,0,0,0,0,4.308034897
4859940,0,1,0,1,1,0,0,1,1,0,1,1,0,0,1,1,0,0,1,0,1,1,0,1,1,0,0,1,0,4.281498311
4847346,1,0,1,0,0,0,1,0,0,1,0,0,1,0,0,1,1,0,0,1,0,1,1,0,1,1,0,0,0,4.454692884
440283,0,0,0,0,0,0,0,0,0,0,0,0,0,0,0,0,0,0,0,0,0,1,0,0,1,0,0,0,0,5.651695137
5195659,0,0,0,0,0,0,0,0,0,0,0,1,0,0,0,0,0,0,1,0,0,1,0,0,1,0,0,1,0,4.552841969
4534157,1,0,1,1,0,1,1,1,1,1,0,1,1,0,1,0,1,0,0,1,0,1,1,1,1,1,0,1,1,5.657577319
5399141,0,0,0,1,0,0,0,1,0,0,1,0,0,1,0,0,0,0,0,0,0,0,0,1,0,0,1,0,0,4.30980392
4569370,1,0,1,1,0,0,1,0,0,1,1,0,1,0,0,0,1,1,0,1,0,0,1,1,0,1,1,0,1,8.522878745
3235190,1,0,1,1,1,0,1,0,0,1,0,1,1,0,0,0,1,0,0,0,0,0,1,0,0,0,0,0,1,5.494850022
5196011,1,0,0,1,1,1,1,1,1,1,0,1,1,1,1,0,1,0,1,1,0,1,1,1,1,1,1,1,1,7.187086643
4583243,0,0,0,1,1,0,0,1,0,0,1,1,0,0,0,0,0,1,1,0,0,1,0,1,1,0,1,0,0,4.193820026
3431265,0,0,0,0,1,0,0,1,1,0,1,1,0,0,0,0,0,1,1,0,1,1,0,1,1,0,1,1,0,5.538108475
5440993,0,1,0,1,0,0,0,0,0,0,0,0,0,0,0,0,0,0,0,0,0,0,0,0,0,0,0,0,0,4.806875402
4548849,0,0,0,0,1,1,0,1,0,0,0,0,0,0,1,0,0,1,1,0,1,1,0,1,1,0,1,1,0,4.161150909
1890994,1,0,1,1,1,1,1,0,0,1,0,1,0,0,0,0,0,0,0,1,0,0,1,0,0,1,0,0,1,5.075720714
5286789,1,0,0,1,1,1,1,1,1,1,0,1,1,1,1,0,1,0,1,1,0,1,1,1,1,1,1,1,1,7.366531544
1922310,1,1,1,1,0,0,1,1,0,1,1,0,1,0,0,0,1,0,0,1,0,0,1,0,0,1,0,0,1,4.548213564
4437446,1,0,1,0,1,0,1,1,0,1,1,0,1,0,0,0,1,1,1,1,0,1,1,1,1,1,1,1,1,4.193820026
5438338,0,1,0,1,0,0,0,0,1,0,0,1,0,0,1,0,0,0,0,0,0,1,0,1,1,0,1,1,0,5.19859629
5394204,1,1,1,1,1,0,0,1,1,1,1,1,1,1,0,0,1,1,0,1,0,1,1,1,0,1,1,1,1,5.091514981
4548156,0,1,0,0,1,0,0,1,1,0,1,1,0,1,1,0,0,0,1,0,1,1,0,1,1,0,1,1,0,5.657577319
4864539,0,0,0,0,1,1,0,0,1,0,0,1,0,0,0,1,0,0,1,0,0,1,0,0,1,0,0,1,0,4.17050325
5408593,1,0,1,1,1,0,1,0,0,1,1,0,1,0,0,0,1,0,1,0,0,1,1,1,1,1,1,0,1,4.48148606
5080663,1,0,1,1,1,1,1,1,1,1,0,1,1,0,1,1,0,0,0,1,1,1,1,1,1,1,1,1,1,6
4560933,0,0,0,0,1,0,0,1,1,0,1,0,0,0,1,1,0,1,1,0,0,1,0,1,1,0,1,0,0,4.193820026
5434034,1,0,1,0,0,0,1,0,0,1,0,0,0,0,0,1,1,0,0,1,0,1,1,0,1,1,0,1,1,4.234331445
4875757,1,1,1,1,1,0,1,1,1,1,1,1,1,0,1,1,1,0,1,1,1,1,1,0,1,1,0,1,1,5.591760035
5440022,0,0,0,1,0,0,0,1,0,0,1,0,0,1,0,0,0,0,0,0,0,0,0,1,0,0,1,0,0,4.853871964
290960,0,1,0,0,1,1,0,0,1,0,0,1,0,1,1,0,0,1,1,0,1,1,0,0,1,0,0,0,0,5.677780705
4443863,1,0,1,0,1,0,1,1,0,1,1,0,1,0,1,0,0,1,1,1,0,1,1,1,1,1,1,1,1,4.193820026
5398648,0,0,0,0,0,0,0,0,0,0,0,0,0,0,1,0,0,0,1,0,0,1,0,0,1,0,0,0,0,6.638272164
4161242,1,0,1,0,0,0,1,0,0,1,0,0,1,0,0,1,0,0,0,0,0,0,0,0,0,0,0,0,0,5.931814138
4438310,0,0,0,0,0,0,0,0,0,0,0,0,0,0,0,1,0,0,0,0,0,1,0,0,1,0,0,1,0,5.119186408
416771,0,1,0,1,0,0,0,1,0,0,1,0,0,0,0,0,0,1,0,0,0,0,0,0,0,0,0,0,0,3.859649111
4438485,0,0,0,0,1,0,0,0,0,0,0,0,0,1,0,0,0,0,0,0,1,1,0,1,1,0,1,1,0,4.377797068
4879116,1,1,1,1,1,0,1,1,1,1,1,1,1,0,1,1,1,0,1,1,1,1,0,0,0,0,0,0,0,5.539102157
4782350,1,0,1,1,1,0,1,0,0,1,0,1,1,0,1,0,0,0,0,1,0,1,1,0,1,1,0,0,1,4.590066877
4846036,1,1,1,1,1,0,1,1,1,1,1,1,1,0,1,1,1,0,1,1,1,1,1,0,1,1,0,1,1,6.494850022
4740928,1,0,1,1,1,1,1,1,1,1,0,1,0,0,1,1,1,0,0,1,1,0,1,1,1,1,1,1,0,6.744727495
4518398,1,0,1,0,0,0,1,0,0,1,0,1,1,0,0,0,1,0,0,0,0,1,1,1,1,1,0,1,1,4.287350298
4450539,0,1,0,1,1,0,0,1,0,0,1,0,0,1,1,0,0,1,1,0,0,1,0,1,1,0,1,1,0,5.494850022
5400066,0,0,0,0,1,1,0,0,0,0,0,0,0,0,0,0,0,1,1,0,1,1,0,1,1,0,1,1,0,4.446116973
5435168,0,1,0,1,1,0,0,1,1,0,1,1,0,1,1,0,0,1,0,0,0,1,0,1,1,0,1,0,0,4.886056648
1797577,0,0,0,1,0,0,0,0,0,0,1,1,0,0,1,0,0,0,0,0,0,1,0,1,1,0,1,1,0,4.812479279
5438936,0,1,0,1,1,0,0,1,0,0,1,1,0,0,1,0,0,1,0,0,0,1,0,0,1,0,0,1,0,4.420216403
5201553,0,0,0,0,0,1,0,0,0,0,0,0,0,0,0,1,0,0,0,0,0,1,0,0,0,0,0,0,0,4.251037139
4785992,0,0,0,1,1,1,0,1,1,0,0,1,0,0,0,1,0,0,0,0,1,1,0,1,1,0,0,1,0,6.036212173
1762552,0,0,0,0,0,0,0,0,0,0,0,0,0,0,0,1,0,0,0,0,0,0,0,0,0,0,0,0,0,4.014124643
4589223,1,1,1,1,1,0,1,1,0,1,1,0,1,1,1,0,1,1,1,1,0,1,1,1,1,1,1,1,1,6.924453039
5423743,0,1,0,0,1,1,0,0,1,0,0,1,0,1,0,0,0,1,1,0,1,1,0,1,1,0,1,1,0,4.021180613
5427555,0,1,0,1,0,0,0,0,0,0,0,0,0,0,0,0,0,0,0,0,0,0,0,0,0,0,0,0,0,5.086186148
5186615,0,0,0,0,0,0,0,0,1,0,0,0,0,0,1,0,0,0,0,0,1,1,0,1,1,0,0,1,0,4.318758763
4791956,0,1,0,1,1,0,0,1,1,0,0,0,0,1,1,0,0,1,1,0,1,1,0,1,1,0,1,1,0,4.752026734
4476550,0,1,0,0,1,1,0,0,1,0,0,0,0,1,1,0,0,1,0,0,1,0,0,0,0,0,0,0,0,5.298432015
4866769,0,1,0,1,1,0,0,1,1,0,1,1,0,0,1,1,0,0,1,0,1,1,0,0,0,0,0,0,0,5.116906641
3787696,0,1,0,1,0,0,0,1,0,0,0,0,0,0,0,0,0,0,0,0,0,0,0,1,0,0,1,0,0,5.017728767
4458144,0,0,0,0,1,1,0,1,1,0,1,0,0,0,1,1,0,1,1,0,0,1,0,1,1,0,1,0,0,4.193820026
4471199,1,1,1,1,1,0,1,1,0,1,1,0,1,1,1,0,1,1,1,1,0,1,1,1,1,1,1,1,0,6.494850022
5418272,1,0,1,1,1,0,1,0,0,1,0,1,1,1,1,0,1,1,0,1,0,1,1,1,0,1,1,0,1,4.30980392
1163173,1,0,1,1,1,0,1,0,0,1,0,1,1,0,0,0,0,0,0,1,0,0,1,0,0,1,0,0,1,4.743522794
4533638,0,0,0,0,1,1,0,1,0,0,0,0,0,0,1,0,0,1,1,0,1,1,0,1,1,0,1,1,0,3.958607315
5435952,0,1,0,1,0,0,0,1,0,0,1,0,0,1,0,0,0,1,0,0,0,0,0,1,0,0,1,0,0,5.017728767
4589398,0,0,0,1,1,1,0,1,0,0,1,0,0,0,1,0,0,1,1,0,1,1,0,1,1,0,1,1,0,5.920818754
5406125,0,1,0,0,0,1,0,0,0,0,0,0,0,1,0,0,0,1,1,0,1,1,0,1,1,0,1,1,0,5.03574037
4465398,1,1,1,1,0,0,1,1,0,1,0,0,1,0,0,0,1,0,0,1,0,0,0,1,0,1,1,0,1,4.247951552
5079196,0,0,0,0,0,1,0,0,0,0,0,0,0,0,0,0,0,0,0,0,1,1,0,1,1,0,1,1,0,4.316052869
5286311,0,0,0,1,1,1,0,1,1,0,1,1,0,1,1,0,0,0,1,0,0,1,0,1,1,0,1,1,0,7.180456064
5397653,1,0,1,1,0,0,1,1,0,1,1,0,1,1,0,0,0,0,0,1,0,0,1,1,0,1,1,0,1,5.795880017
4746059,0,0,0,1,1,0,0,0,0,0,0,1,0,0,0,0,0,0,0,0,0,0,0,0,0,0,0,0,0,5.602059991
4568354,0,0,0,1,1,0,0,1,0,0,0,0,0,1,1,0,0,0,0,0,1,1,0,1,1,0,1,1,0,4.193820026
4797433,0,0,0,0,0,0,0,0,1,0,0,1,0,0,0,1,0,0,0,0,0,1,0,1,1,0,1,1,0,6.096910013
5428702,1,1,1,1,0,0,1,1,0,1,1,0,1,1,0,0,0,0,0,1,0,0,1,0,0,1,0,0,1,4.745935547
1688966,0,1,0,1,1,0,0,1,1,0,1,1,0,0,1,1,0,0,1,0,1,1,0,0,0,0,0,0,0,5.143875556
3785588,0,1,0,1,0,0,0,1,0,0,0,0,0,0,0,0,0,0,0,0,0,0,0,1,0,0,1,0,0,4.815308569
4583115,1,0,1,1,0,0,1,0,0,1,1,0,1,0,0,0,1,1,0,1,0,0,1,1,0,1,1,0,1,7.180456064
4760790,0,0,0,1,1,1,0,1,1,0,0,1,0,0,0,1,0,0,0,0,0,1,0,1,1,0,1,0,0,5.440093375
5409628,0,1,0,1,0,0,0,0,1,0,0,1,0,1,0,0,0,1,0,0,0,1,0,1,1,0,1,1,0,5.609064893
4753851,0,0,0,0,0,0,0,0,0,0,0,0,0,0,0,1,0,0,0,0,0,0,0,0,0,0,0,0,0,4.716698771
4525033,1,0,1,0,1,0,1,1,0,1,1,0,1,0,0,0,1,1,1,1,0,1,1,1,1,1,1,0,1,4.193820026
3785717,1,1,1,1,0,0,1,1,0,1,0,0,0,0,0,0,1,0,0,1,0,0,0,1,0,0,1,0,1,4.812479279
468358,0,1,0,1,1,0,0,1,1,0,0,0,0,1,1,0,0,1,1,0,1,1,0,1,1,0,1,1,0,4.669180534
4785777,0,0,0,0,0,0,0,0,0,0,0,0,0,0,0,0,0,0,0,0,0,1,0,0,1,0,0,0,0,4.183096161
3335808,0,1,0,1,1,0,0,1,0,0,0,1,0,1,1,0,0,1,0,0,0,1,0,1,1,0,0,0,0,3.733533105
4866630,0,0,0,0,1,1,0,0,1,0,0,1,0,0,0,1,0,0,1,0,0,1,0,0,1,0,0,1,0,4.439137305
4465242,1,0,1,0,1,0,1,1,1,1,1,1,1,1,0,0,0,1,1,1,1,1,1,1,1,1,1,1,1,4.193820026
4646533,1,0,1,0,0,1,1,1,1,1,0,1,1,0,1,1,1,0,1,1,1,1,1,1,1,1,1,1,1,4.974694135
4874441,1,0,1,0,0,1,1,0,0,1,0,0,1,0,0,1,0,0,0,1,0,1,1,0,1,1,0,1,1,4.866461092
4455431,0,0,0,0,1,1,0,1,0,0,0,0,0,0,1,0,0,1,1,0,1,1,0,1,1,0,1,1,0,5.080921908
4568703,0,1,0,1,0,0,0,1,0,0,0,0,0,0,0,0,0,0,0,0,0,0,0,1,0,0,1,0,0,4.226213555
4790847,0,0,0,1,1,0,0,0,0,0,0,1,0,0,0,0,0,0,0,0,1,1,0,0,0,0,0,1,0,4.397940009
5407915,0,0,0,1,0,0,0,1,0,0,1,0,0,1,0,0,0,0,0,0,0,0,0,1,0,0,1,0,0,5.619788758
5407108,1,0,1,1,1,0,1,0,0,1,0,1,1,1,1,0,1,1,1,0,1,1,1,1,1,0,1,1,1,4.468521083
4747847,1,0,1,1,1,0,1,0,0,1,0,1,1,0,0,0,1,0,0,1,0,0,0,1,0,1,0,0,0,6
4853509,0,0,0,0,1,1,0,0,1,0,0,1,0,0,0,1,0,0,1,0,0,1,0,0,1,0,0,1,0,4.312203589
5398233,0,0,0,1,0,0,0,1,0,0,1,0,0,1,0,0,0,0,0,0,0,0,0,1,0,0,1,0,0,6.920818754
4782491,1,0,1,1,1,0,1,0,0,1,0,1,1,0,1,0,1,0,0,1,0,1,0,0,1,1,0,0,1,4.240709967
4591370,0,1,0,0,1,0,0,1,1,0,1,1,0,1,1,0,0,1,1,0,1,1,0,1,1,0,1,1,0,5.642065153
5174325,1,0,1,1,0,0,1,0,0,1,0,1,1,0,1,0,1,0,0,1,0,1,1,0,1,1,0,0,1,4.425968732
5285330,0,0,0,1,0,0,0,0,0,0,0,0,0,0,0,0,0,0,0,0,0,0,0,0,0,0,0,0,0,5.958607315
5196085,0,1,0,1,0,1,0,0,1,0,0,1,0,0,1,1,0,0,1,0,1,1,0,1,1,0,1,1,0,4.276544328
18688,1,0,1,1,1,0,1,0,0,1,0,1,1,0,0,0,0,0,0,1,0,0,1,0,0,1,0,0,1,4.64454848
4564500,1,1,1,1,1,0,1,1,0,1,1,0,1,1,1,0,1,1,1,1,0,1,1,1,1,1,1,1,1,7
5413858,0,0,0,1,0,0,0,1,0,0,1,0,0,1,0,0,0,0,0,0,0,0,0,1,0,0,1,0,0,5.721246399
3221948,1,1,1,1,0,0,1,1,0,1,0,0,1,0,0,0,0,0,0,1,0,0,0,0,0,0,0,0,0,5.920818754
4790951,0,1,0,1,0,1,0,1,1,0,1,1,0,1,1,0,0,0,1,0,0,1,0,1,1,0,1,1,0,4.88941029
4516458,0,0,0,0,1,1,0,1,0,0,0,0,0,0,1,0,0,1,1,0,1,1,0,1,1,0,1,1,0,4.337242168
4515039,1,0,1,1,1,0,1,1,1,1,1,1,1,1,0,0,0,1,1,1,1,1,1,1,1,1,1,1,1,5.668574728
5440723,1,1,1,1,0,0,1,1,0,1,1,0,1,0,0,0,0,1,0,1,0,0,0,1,0,0,1,0,1,5.031517051
4564015,0,1,0,1,0,1,0,1,0,0,0,0,0,0,0,0,0,1,0,0,1,1,0,1,0,0,1,0,0,4.795880017
5402924,1,0,1,1,1,0,0,0,0,1,1,1,1,1,0,0,1,1,0,1,0,1,1,1,0,1,1,0,1,4.193820026
136808,1,1,1,1,1,1,0,1,1,1,1,1,0,1,1,0,1,1,1,1,1,1,0,1,1,1,0,1,0,4.466482138
5440322,0,1,0,1,0,0,0,1,0,0,1,0,0,0,0,0,0,0,0,0,0,1,0,1,1,0,1,1,0,5.607303047
4442198,0,0,0,0,0,0,0,0,1,0,1,1,0,0,0,0,0,0,0,0,1,1,0,1,1,0,1,1,0,4.441291429
4647491,0,0,0,0,1,1,0,0,0,0,0,0,0,1,0,0,0,0,0,0,1,0,0,1,0,0,1,0,0,3.650334016
5424196,1,1,1,1,1,0,0,1,1,1,1,1,1,1,0,0,1,1,0,1,0,1,1,1,0,1,1,0,0,4.193820026
1922314,1,1,1,1,0,0,1,1,0,1,1,0,0,0,0,0,1,0,0,1,0,0,1,0,0,0,0,0,1,4.281498311
15192,0,0,0,0,0,0,0,0,0,0,0,0,0,0,0,1,0,0,0,0,0,0,0,0,0,0,0,0,0,3.407268234
5077084,0,0,0,0,0,1,0,0,0,0,0,0,0,0,0,0,0,0,0,0,1,1,0,1,1,0,1,1,0,5.673664139
5440119,1,0,1,1,1,0,1,1,0,1,1,1,1,0,0,0,1,0,1,0,0,0,1,1,0,0,1,0,1,5.886056648
4439406,1,0,1,1,0,0,1,0,0,1,1,0,1,0,0,0,1,1,0,1,0,0,1,1,0,1,1,0,1,7.568636236
5427934,1,0,1,1,1,0,1,0,0,1,0,1,1,1,1,0,1,1,1,0,1,1,1,1,1,0,1,1,1,5.070581074
5416409,1,0,1,0,1,1,1,0,0,1,0,0,1,0,0,0,1,0,0,0,0,1,1,1,1,1,1,1,1,5.133122186
4875512,0,0,0,0,1,1,0,0,1,0,0,1,0,0,0,1,0,0,1,0,0,1,0,0,1,0,0,1,0,4.564792897
4747748,0,0,0,0,0,1,0,0,0,0,0,0,0,0,0,0,0,0,0,0,0,1,0,0,0,0,0,0,0,4.137868621
4551736,0,0,0,1,1,1,0,0,0,0,0,1,0,0,0,0,0,0,0,0,1,1,0,1,1,0,0,1,0,4.571865206
4520320,1,0,1,0,1,0,1,1,0,1,1,0,1,0,0,0,1,1,1,1,0,1,1,1,1,1,1,0,1,4.540154454
546168,1,1,1,1,0,0,1,1,0,1,1,0,1,0,0,0,1,0,0,1,0,0,1,1,0,1,0,0,1,4.640164518
4865446,1,1,1,1,1,0,1,1,1,1,1,1,1,0,1,1,1,0,1,1,1,1,1,0,1,1,0,1,1,5.943095149
4777091,0,0,0,0,0,0,0,0,1,0,0,1,0,0,0,1,0,0,0,0,0,1,0,1,1,0,1,1,0,5.124938737
1622927,1,0,1,1,1,0,1,1,1,1,1,1,1,1,0,0,0,1,1,1,0,0,1,1,0,1,1,0,1,7
5417504,0,1,0,1,0,0,0,1,0,0,0,0,0,1,0,0,0,1,0,0,0,0,0,1,0,0,0,0,0,4.291749111
4470099,1,0,1,1,1,0,1,0,0,1,0,1,1,0,0,0,0,0,0,1,0,0,1,0,0,1,0,0,0,6.494850022
4577847,0,0,0,1,1,1,0,0,0,0,1,0,0,1,0,0,0,1,1,0,1,1,0,1,1,0,1,0,0,4.193820026
4581455,1,1,1,0,1,0,1,1,1,1,1,1,1,0,0,0,0,1,1,1,0,1,1,1,1,1,1,0,1,4.193820026
4853501,0,0,0,1,0,1,0,0,0,0,0,1,0,0,0,0,0,0,1,0,0,1,0,1,0,0,1,1,0,4.88941029
4436884,0,1,0,0,1,0,0,1,1,0,1,1,0,1,1,0,0,0,1,0,1,1,0,1,1,0,1,1,0,5.818156412
5279531,1,1,1,1,0,0,1,1,0,1,1,1,1,1,1,0,1,1,0,1,0,1,1,1,1,1,1,1,1,5.070581074
2028048,0,0,0,0,0,1,0,0,0,0,0,1,0,0,1,1,0,0,0,0,1,1,0,1,1,0,1,1,0,4.876148359
4519623,0,0,0,1,1,1,0,0,0,0,0,1,0,0,0,0,0,0,0,0,0,0,0,1,0,0,0,0,0,5.522878745
4796885,0,1,0,1,1,1,0,1,1,0,0,1,0,0,1,1,0,0,1,0,0,0,0,0,0,0,0,0,0,5.795880017
4169275,1,0,1,0,0,0,1,0,0,1,0,0,1,0,0,1,1,0,0,0,0,0,0,0,0,0,0,0,0,5.860120914
5402506,0,0,0,1,0,0,0,1,0,0,1,0,0,1,0,0,0,1,0,0,0,0,0,1,0,0,1,0,0,5.468521083
5427786,0,1,0,1,1,0,0,1,1,0,1,0,0,1,1,0,0,1,1,0,1,0,0,1,0,0,1,0,0,5.045757491
5275269,1,0,0,1,1,1,1,1,1,1,1,1,1,1,1,0,1,0,1,1,0,1,1,1,1,1,1,1,1,6.795880017
4791604,1,0,1,0,0,1,1,1,1,1,0,1,1,0,1,0,1,1,1,1,0,1,1,1,1,1,1,1,1,5.37675071
1806801,1,0,1,0,0,0,1,0,0,1,0,0,1,0,0,0,1,0,0,0,0,0,0,0,0,1,0,0,1,5.823908741
480728,0,0,0,1,0,1,0,1,1,0,0,1,0,0,1,0,0,0,1,0,0,1,0,1,1,0,1,1,0,6.045757491
1564500,1,0,1,1,1,0,1,0,0,1,0,1,1,0,0,0,0,0,0,1,0,0,1,0,0,1,0,0,0,6.924453039
1818877,0,1,0,1,0,0,0,1,0,0,1,0,0,0,0,0,0,1,0,0,0,0,0,0,0,0,0,0,0,4.568636236
4862711,1,0,1,0,1,1,1,0,1,1,0,1,1,0,0,1,1,0,1,0,0,1,1,0,1,1,0,1,1,4.416008201
4175198,1,0,1,0,0,0,1,0,0,1,0,0,1,0,0,1,1,0,0,0,0,0,0,0,0,0,0,0,0,5.647817482
5189963,0,0,0,0,0,0,0,0,0,0,0,1,0,0,0,0,0,0,1,0,0,1,0,0,1,0,0,1,0,4.244125144
5407651,0,1,0,1,0,1,0,1,0,0,1,0,0,0,0,0,0,0,0,0,0,1,0,1,1,0,1,1,0,5.346787486
4790719,1,0,1,1,1,0,1,0,0,1,1,1,0,0,0,0,1,0,0,0,0,0,1,0,0,0,0,0,1,5.602059991
4763590,1,0,1,1,1,1,1,1,1,1,0,1,1,0,1,1,1,1,1,1,0,1,1,1,1,1,1,1,1,5.318758763
5084334,1,0,1,1,1,1,1,1,1,0,0,1,1,0,1,1,0,0,0,1,1,1,1,1,1,1,1,0,1,5.508638306
4747205,1,0,1,0,0,0,1,0,0,1,0,0,1,0,0,0,1,0,0,1,0,1,1,0,1,1,0,1,1,5.721246399
4787569,1,0,1,0,0,0,1,0,0,1,0,0,1,0,0,0,1,0,0,1,0,1,1,0,1,1,0,1,1,5.443697499
4751949,0,0,0,1,1,1,0,0,0,0,0,1,0,0,0,0,0,0,0,0,1,1,0,1,1,0,1,1,0,4.494850022
5412506,0,0,0,1,1,0,0,1,0,0,1,1,0,1,0,0,0,1,1,0,0,1,0,1,1,0,1,1,0,4.638272164
4544853,1,0,1,1,1,0,1,0,0,1,0,1,1,0,0,0,1,0,0,1,0,1,1,0,0,1,0,0,1,6.886056648
4464751,0,0,0,0,0,1,0,0,0,0,0,0,0,0,0,0,0,0,0,0,0,1,0,0,1,0,0,1,0,4.234331445
4870070,0,1,0,1,1,0,0,1,1,0,1,1,0,0,1,1,0,0,1,0,1,1,0,0,1,0,0,1,0,5.752026734
4524959,1,0,1,1,1,0,1,0,0,1,0,1,1,0,0,0,1,0,0,1,0,1,1,0,0,1,0,0,1,7.102372909
610496,1,0,1,0,0,0,1,1,0,1,0,0,1,0,0,0,1,0,0,1,0,0,1,0,0,1,0,0,1,4.367542708
5089586,1,0,1,1,1,1,1,1,1,1,0,1,1,0,1,1,0,0,0,1,1,1,1,1,1,1,1,1,1,6.537602002
5402586,1,1,1,1,1,0,0,1,1,1,1,1,1,1,0,0,1,1,0,1,0,1,1,1,0,0,1,0,1,4.193820026
5432190,0,0,0,1,0,0,0,1,0,0,1,0,0,1,0,0,0,0,0,0,0,0,0,1,0,0,1,0,0,4.619788758
4764464,1,1,1,1,0,0,1,1,1,1,1,1,1,0,1,1,1,0,1,1,1,1,1,0,1,1,0,1,1,6.638272164
3786506,1,0,0,1,1,0,1,0,0,1,0,1,1,0,1,1,1,0,0,0,0,1,1,1,1,1,1,1,1,5.698970004
4875128,0,0,0,0,0,0,0,0,0,0,0,0,0,0,0,1,0,0,0,0,0,1,0,0,1,0,0,0,0,4.590066877
1236677,1,1,1,1,1,0,1,1,0,1,0,0,1,1,1,0,1,0,0,1,1,1,1,1,1,1,1,1,1,4.958607315
4094088,1,0,0,1,1,1,1,1,1,1,0,1,1,0,1,1,1,0,0,0,1,1,1,1,1,1,1,1,1,7.214670165
5438813,0,1,0,1,1,0,0,1,1,0,1,1,0,1,0,0,0,1,1,0,0,0,0,1,0,0,0,0,0,5.657577319
4105162,1,0,1,1,1,1,1,1,1,1,0,1,1,0,1,1,1,0,0,1,1,1,1,1,1,0,1,1,1,7.744727495
4580019,1,0,0,1,1,1,1,1,1,1,0,1,1,1,1,0,1,0,1,1,0,1,0,1,1,1,1,1,1,6.823908741
5417036,0,0,0,1,0,0,0,1,0,0,1,0,0,1,0,0,0,1,0,0,0,0,0,1,0,0,1,0,0,5.886056648
4446610,1,0,1,0,1,0,1,1,1,1,1,0,1,0,0,0,0,1,1,1,0,1,1,1,1,1,1,0,1,4.830928649
4783139,0,1,0,1,1,1,0,1,1,0,0,1,0,1,1,0,0,1,1,0,1,1,0,1,1,0,1,1,0,5.954677021
5398294,0,1,0,1,0,0,0,0,0,0,0,0,0,0,1,0,0,0,1,0,1,1,0,0,0,0,0,1,0,4.896196279
1466712,0,0,0,1,0,0,0,1,1,0,1,0,0,1,1,0,0,0,0,0,1,1,0,1,1,0,0,1,0,5.958607315
4468687,0,1,0,0,1,0,0,1,1,0,1,1,0,1,1,0,0,0,0,0,1,1,0,1,1,0,1,1,0,5.361510743
1354694,0,0,0,1,1,0,0,0,0,0,0,1,0,0,0,0,0,0,0,0,0,1,0,0,1,0,0,0,0,5.924453039
4777653,1,0,1,1,1,0,1,0,0,1,0,1,0,0,0,0,1,0,0,0,0,0,1,0,0,1,0,0,1,5.494850022
4756128,0,0,0,1,1,0,0,0,0,0,0,1,0,0,0,0,0,0,0,0,0,1,0,1,1,0,1,1,0,6
4469091,1,0,1,0,0,0,1,1,0,1,0,1,0,0,0,0,1,0,0,1,1,1,0,1,1,1,1,1,1,4.730487056
5433312,0,0,0,1,0,0,0,1,0,0,1,0,0,1,0,0,0,1,0,0,0,0,0,1,0,0,1,0,0,4.677780705
4532870,0,0,0,0,1,0,0,1,1,0,1,1,0,0,1,1,0,1,1,0,1,1,0,1,1,0,1,1,0,5.09133701
5076723,1,0,1,1,1,1,0,1,1,1,0,1,0,0,1,1,1,0,0,1,1,0,1,1,1,1,1,0,0,4.853871964
4784040,0,0,0,0,1,1,0,0,0,0,0,0,0,0,0,1,0,0,0,0,0,1,0,1,1,0,1,1,0,5.575118363
5272134,0,1,0,1,0,1,0,0,0,0,0,0,0,0,0,0,0,0,0,0,0,1,0,1,1,0,1,1,0,5.442492798
5403553,0,1,0,1,1,0,0,1,0,0,1,1,0,0,1,0,0,1,0,0,0,1,0,1,1,0,1,1,0,6
5407318,0,1,0,1,0,0,0,0,0,0,0,0,0,0,0,0,0,0,0,0,0,0,0,1,0,0,0,0,0,5.13076828
5285887,1,0,0,1,1,1,1,1,1,1,0,1,1,1,1,1,1,0,1,1,0,1,0,1,1,1,1,1,1,5.886056648
5428727,1,1,1,1,1,0,1,1,1,1,1,1,1,1,0,0,1,1,1,1,0,0,1,1,0,1,0,0,1,6.075720714
5291196,1,0,1,1,1,1,1,1,0,1,1,1,1,1,1,0,0,1,0,1,1,1,1,1,1,0,1,1,1,5.657577319
4521643,1,0,1,1,0,0,1,0,0,1,1,0,1,0,0,0,1,1,0,1,0,0,1,1,0,1,1,0,1,6.847711656
5076480,1,1,1,1,1,1,1,1,1,1,0,1,1,0,1,1,0,0,1,1,1,1,1,1,1,1,1,1,1,5.420216403
5403538,1,1,1,1,1,0,0,1,1,1,1,1,1,1,0,0,1,1,0,1,0,1,1,1,0,1,1,0,1,4.193820026
4750013,0,0,0,0,0,0,0,0,0,0,0,0,0,0,0,0,0,0,0,0,0,0,0,0,0,0,0,0,0,4.460923901
4870347,0,1,0,1,1,0,0,1,1,0,1,1,0,1,1,1,0,1,1,0,1,1,0,1,1,0,0,1,0,4.343901798
4785040,0,0,0,0,0,0,0,0,1,0,0,1,0,0,0,1,0,0,0,0,0,1,0,1,1,0,1,1,0,6.301029996
3785305,1,1,1,1,0,0,1,1,0,1,0,0,0,0,0,0,1,0,0,1,0,0,0,1,0,0,1,0,1,5.207608311
5408045,1,0,1,1,1,0,1,0,0,1,1,1,1,0,0,0,1,1,0,1,0,0,1,1,0,1,0,0,1,5.37675071
4762341,1,0,1,0,0,0,1,0,0,1,0,0,1,0,0,0,1,0,0,1,0,1,1,0,1,1,0,1,1,5.080921908
5413083,1,1,1,1,1,0,1,1,0,1,0,1,1,0,1,0,1,0,0,1,0,1,1,0,1,1,0,1,1,6.075720714
5417108,0,0,0,1,1,0,0,0,0,0,1,1,0,1,0,0,0,1,0,0,0,1,0,1,0,0,1,0,0,4.744727495
2094559,1,0,1,0,1,0,1,0,0,1,1,0,0,0,0,0,1,0,1,1,0,1,1,1,1,0,0,1,1,5.638272164
4795675,0,0,0,1,1,1,0,0,0,0,0,1,0,0,1,1,0,1,1,0,1,1,0,1,1,0,1,1,0,4.233587153
5407156,1,0,1,1,1,0,1,0,0,1,1,1,1,0,0,0,1,1,1,1,0,1,1,1,1,1,0,1,1,5.070581074
4791220,0,0,0,1,1,0,0,0,0,0,0,0,0,0,0,0,0,0,0,0,0,0,0,0,0,0,0,0,0,4.429924295
5433217,0,1,0,1,1,0,0,1,0,0,0,1,0,1,1,0,0,1,0,0,0,1,0,1,1,0,0,0,0,3.39501837
4575354,0,0,0,0,0,0,0,1,1,0,0,1,0,1,1,0,0,0,0,0,0,1,0,1,1,0,1,0,0,4.193820026
282346,0,1,0,1,0,0,0,1,0,0,1,0,0,0,0,0,0,1,0,0,0,0,0,1,0,0,1,0,0,5.238824187
3621996,0,0,0,0,0,0,0,0,1,0,0,1,0,0,1,1,0,0,1,0,0,1,0,1,1,0,1,1,0,3.637894681
4748961,0,1,0,1,1,0,0,1,1,0,0,1,0,1,1,0,0,1,0,0,0,1,0,1,1,0,1,1,0,6.070581074
598585,1,0,1,0,0,0,1,1,0,1,0,0,1,0,0,0,1,0,0,0,0,0,1,0,0,1,0,0,0,4.043351421
4764892,0,0,0,1,0,1,0,1,1,0,0,1,0,0,1,0,0,0,1,0,0,1,0,1,1,0,1,1,0,6.552841969
3629567,1,1,1,1,1,0,1,1,0,1,0,0,1,1,1,0,1,0,0,1,1,1,1,1,1,1,1,1,1,9.096910013
5417095,1,0,1,0,1,1,1,0,0,1,0,0,0,0,1,0,1,0,0,1,0,1,1,1,1,1,0,1,1,4.493494968
4551602,0,0,0,0,1,0,0,1,0,0,1,0,0,0,1,1,0,1,1,0,0,1,0,1,1,0,1,1,0,5.04770944
1439907,0,0,0,1,1,1,0,0,0,0,1,1,0,0,1,1,0,1,0,0,1,1,0,0,1,0,0,0,0,5.259637311
4290480,0,0,0,1,0,0,0,0,0,0,0,1,0,0,1,0,0,0,1,0,0,1,0,0,1,0,0,1,0,3.586197483
5422117,0,1,0,1,0,0,0,1,1,0,1,0,0,1,1,0,0,0,0,0,1,1,0,0,1,0,0,1,0,4.89279003
4517944,1,0,1,1,1,0,1,0,0,1,0,1,1,0,0,0,0,0,0,1,0,0,1,0,0,1,0,0,0,4.602059991
1631694,0,0,0,1,0,1,0,1,1,0,0,1,0,0,1,0,0,0,0,0,0,1,0,1,1,0,0,1,0,5.050609993
4521142,1,0,1,1,1,0,1,0,0,1,0,1,1,0,0,0,1,0,0,1,0,1,1,0,0,1,0,0,1,6.602059991
4475024,0,0,0,0,0,0,0,1,1,0,1,1,0,0,0,0,0,0,0,0,1,1,0,1,1,0,1,1,0,4.189767482
4555752,1,0,1,1,0,0,1,0,0,1,1,0,1,0,0,0,1,1,0,1,0,0,1,1,0,1,0,0,1,7.769551079
446813,0,1,0,1,0,0,0,1,0,0,1,0,0,0,0,0,0,1,0,0,0,0,0,0,0,0,0,0,0,4.073503211
2436864,0,0,0,1,0,0,0,0,0,0,0,1,0,0,1,0,0,0,0,0,0,1,0,0,1,0,0,1,0,4.809668302
5412015,0,0,0,1,1,1,0,1,0,0,1,0,0,1,0,0,0,0,1,0,0,1,0,1,1,0,1,1,0,6.065501549
5276646,1,0,1,1,1,1,1,1,1,1,1,1,1,1,1,0,1,0,1,0,0,1,1,1,1,1,1,1,0,6.050609993
5411722,0,0,0,1,0,0,0,1,0,0,1,0,0,1,0,0,0,0,0,0,0,0,0,0,0,0,0,0,0,6.366531544
4473508,0,1,0,0,1,1,0,1,0,0,1,0,0,0,1,0,0,0,1,0,0,1,0,1,1,0,0,1,0,4.301029996
4875349,1,1,1,1,1,0,1,1,1,1,1,1,1,0,1,1,1,0,1,1,1,1,1,0,1,1,0,1,1,5.549750892
5437735,1,1,1,1,1,0,0,1,1,1,1,1,1,1,0,0,1,1,0,1,0,1,1,1,0,1,1,0,1,4.443697499
5402967,1,0,1,0,1,0,1,0,0,1,0,0,1,0,0,0,1,0,0,0,0,0,1,1,1,1,1,1,1,5.619788758
5438450,1,1,1,1,1,0,0,1,1,1,1,1,1,1,0,0,1,1,0,1,0,1,1,1,0,1,1,0,0,5.075720714
4571489,0,0,0,0,0,1,0,0,0,0,0,0,0,0,0,0,0,0,0,0,0,1,0,0,1,0,0,1,0,4.557520231
4577647,0,0,0,1,1,1,0,0,0,0,1,0,0,1,0,0,0,1,1,0,1,1,0,1,1,0,1,0,0,4.462212125
4444496,0,0,0,0,1,1,0,1,1,0,1,0,0,0,1,1,0,1,1,0,0,1,0,1,1,0,1,1,0,4.193820026
4575479,0,0,0,0,1,1,0,1,0,0,0,0,0,0,1,0,0,1,1,0,1,1,0,1,1,0,1,1,0,4.055517328
4790816,0,1,0,1,1,0,0,1,1,0,0,0,0,1,1,0,0,1,1,0,1,1,0,1,1,0,1,1,0,4.640354207
5430151,0,1,0,1,1,0,0,1,0,0,1,1,0,0,1,0,0,1,0,0,0,1,0,0,1,0,0,1,0,3.369572125
4476694,1,0,1,1,1,0,1,1,0,1,1,0,1,0,0,0,1,1,1,1,0,1,1,1,1,1,1,0,1,4.193820026
3609552,0,0,0,0,0,0,0,0,0,0,0,0,0,0,0,1,0,0,0,0,0,1,0,0,1,0,0,1,0,3.987584625
5279456,1,1,1,1,0,0,1,1,0,1,0,0,1,0,0,0,1,0,0,1,0,0,1,0,0,1,0,0,0,5.920818754
4862547,0,1,0,1,1,0,0,1,1,0,1,1,0,0,1,1,0,0,1,0,1,1,0,1,1,0,0,1,0,4.782516056
4748426,1,0,1,1,1,0,1,0,0,1,0,1,1,0,0,0,0,0,0,1,0,0,0,0,0,1,0,0,1,5.698970004
5071689,1,0,1,1,1,1,1,1,1,1,0,1,0,0,1,1,1,0,0,1,1,0,1,1,1,1,1,1,0,6.026872146
4548631,1,0,1,1,1,0,1,1,0,1,0,0,1,1,1,0,1,0,0,1,1,1,1,1,0,0,1,0,1,4.193820026
388593,0,1,0,1,0,0,0,1,0,0,1,0,0,0,0,0,0,0,0,0,0,0,0,0,0,0,0,0,0,6.244125144
4869327,0,0,0,0,1,1,0,0,1,0,0,1,0,0,0,1,0,0,1,0,0,1,0,0,1,0,0,1,0,4.301986496
4462900,0,0,0,0,0,0,0,0,0,0,0,0,0,0,0,1,0,0,0,0,0,1,0,0,1,0,0,1,0,4.329754147
5408126,1,1,1,1,1,1,1,1,1,1,1,1,1,1,0,0,0,1,1,1,1,1,1,1,1,1,1,1,1,5.389339837
4552878,1,0,1,1,1,0,1,0,0,1,0,1,1,0,0,0,1,0,0,0,0,1,1,0,0,1,0,0,1,7
1922309,1,1,1,1,0,0,1,1,0,1,1,0,1,0,0,0,1,0,0,1,0,0,0,0,0,1,0,0,0,4.504455662
5172071,0,0,0,0,0,0,0,0,0,0,0,1,0,0,0,0,0,0,1,0,0,1,0,0,1,0,0,1,0,4.508638306
5420114,1,0,1,1,1,1,1,0,0,1,0,1,1,0,1,0,1,0,1,0,1,1,1,0,1,0,0,1,1,6.27572413
4468854,0,0,0,0,1,0,0,1,0,0,1,1,0,0,0,0,0,1,1,0,0,1,0,1,1,0,1,0,0,4.193820026
4762238,1,0,1,1,1,1,1,1,1,1,0,1,1,0,1,1,1,0,1,1,0,1,1,1,1,1,1,1,1,6.568636236
5402596,1,1,1,1,0,0,1,1,0,1,1,0,1,1,0,0,1,0,0,1,0,0,1,1,0,1,1,0,1,4.518557371
4462001,1,1,1,1,0,0,1,1,0,1,0,0,1,0,0,0,1,0,0,1,0,0,0,1,0,0,1,0,1,5.387216143
5430197,1,1,1,1,1,0,0,1,1,1,1,1,1,1,1,0,1,1,0,1,0,1,0,1,0,0,1,0,1,4.958607315
5427361,1,0,1,1,1,0,1,0,0,1,1,1,1,1,0,0,1,1,0,0,0,1,1,1,0,0,1,0,1,4.283996656
4577744,0,0,0,1,1,0,0,0,0,0,0,1,0,0,0,0,0,0,0,0,0,1,0,0,0,0,0,0,0,5.344861565
4438499,0,0,0,0,0,0,0,0,0,0,0,0,0,0,0,0,0,0,0,0,0,1,0,0,1,0,0,1,0,5.102372909
4751185,0,0,0,1,1,1,0,1,1,0,0,1,0,0,1,1,0,0,0,0,0,1,0,0,1,0,0,0,0,5.675717545
4557544,1,0,1,1,0,0,1,0,0,1,1,0,0,0,0,0,1,1,0,1,0,0,1,1,0,1,1,0,1,5.408935393
5407773,1,1,1,1,0,0,1,1,1,1,1,1,1,1,0,0,0,0,1,1,0,1,1,1,1,1,0,1,1,5.042392713
4751834,0,1,0,1,1,1,0,1,1,0,0,0,0,1,1,1,0,1,1,0,1,1,0,1,1,0,1,1,0,4.789146635
2375613,0,0,0,1,0,0,0,1,0,0,1,0,0,1,0,0,0,0,0,0,0,0,0,0,0,0,0,0,0,6.045757491
5402875,0,0,0,1,0,0,0,1,0,0,1,0,0,1,0,0,0,1,0,0,0,0,0,1,0,0,1,0,0,6.102372909
41764,0,0,0,0,1,0,0,0,0,0,0,0,0,0,1,1,0,0,0,0,0,1,0,1,1,0,0,0,0,5.103473783
4776863,0,0,0,0,0,0,0,0,0,0,0,0,0,0,0,1,0,0,0,0,0,0,0,0,0,0,0,0,0,3.714667772
1729716,0,0,0,1,1,1,0,0,0,0,0,1,0,0,0,0,0,1,1,0,0,1,0,1,1,0,1,1,0,4.995678626
4468151,1,0,1,0,0,0,1,0,0,1,0,1,1,0,0,0,1,0,0,1,0,1,0,1,1,1,0,1,1,4.224025669
2402763,1,1,1,1,1,1,1,1,1,1,1,1,0,1,1,0,1,0,0,0,1,1,1,1,1,0,1,1,0,5.400116928
4549998,0,0,0,0,1,0,0,1,0,0,1,0,0,0,0,0,0,1,1,0,0,1,0,1,1,0,1,0,0,6.062296595
5428777,0,0,0,1,0,0,0,1,0,0,1,1,0,1,0,0,0,0,1,0,0,1,0,1,1,0,1,1,0,5.48148606
4475321,0,1,0,1,1,0,0,1,0,0,1,0,0,1,1,0,0,1,1,0,0,1,0,1,1,0,1,1,0,5.397940009
4851843,0,1,0,1,1,0,0,1,1,0,1,1,0,1,1,1,0,1,1,0,1,1,0,1,1,0,1,1,0,4.66756154
4878939,1,0,1,0,0,1,1,0,0,1,0,0,1,0,0,1,1,0,0,0,0,1,1,0,1,1,0,1,1,4.906578315
5437595,1,1,1,0,0,1,1,0,0,1,0,0,1,1,0,0,0,1,1,0,1,1,1,1,1,1,1,1,1,5.183096161
2402771,1,0,1,0,1,1,1,0,0,1,0,0,1,0,0,0,1,1,1,1,0,1,1,1,1,1,1,1,0,5.247183569
5204259,1,0,0,1,1,1,1,1,1,1,0,1,1,1,1,0,1,1,1,1,1,1,1,1,1,1,1,1,1,7.795880017
4866430,1,0,1,0,0,0,1,0,0,1,0,0,1,0,0,1,1,0,0,1,0,1,1,0,1,1,0,1,1,4.642065153
2180326,1,1,1,1,0,0,1,1,1,1,0,1,1,0,0,0,1,0,1,1,0,1,0,1,1,0,1,1,1,4.302770657
5194274,0,0,0,0,0,0,0,0,0,0,0,1,0,0,0,0,0,0,1,0,0,1,0,0,1,0,0,1,0,4.769551079
4166151,1,0,1,0,0,0,1,0,0,1,0,0,1,0,0,1,0,0,0,0,0,0,0,0,0,0,0,0,0,6.657577319
4782335,1,0,1,1,1,0,1,0,0,1,0,1,1,0,0,0,1,0,0,0,0,0,1,0,0,0,0,0,1,5.886056648
5267889,0,0,0,1,0,1,0,1,1,0,0,1,0,1,0,0,0,0,1,0,0,1,0,0,1,0,0,0,0,4.48148606
4439230,1,0,1,0,0,0,1,0,0,1,0,0,1,0,0,1,1,0,0,0,0,0,0,0,0,0,0,0,0,5.12090412
4165449,1,0,1,0,0,0,1,0,0,1,0,0,1,0,0,1,0,0,0,0,0,0,0,0,0,0,0,0,0,6.30980392
5396917,1,1,1,1,0,0,1,1,0,1,0,0,1,0,0,0,1,0,0,0,0,0,1,0,0,0,0,0,0,4.605723473
5269921,0,1,0,1,0,1,0,0,0,0,0,0,0,0,0,0,0,0,0,0,0,1,0,1,1,0,1,1,0,5.442492798
4095540,1,0,1,1,1,1,1,1,1,1,0,1,1,0,1,1,1,0,0,1,1,1,1,1,1,0,1,1,1,6.508638306
2436862,0,0,0,0,1,0,0,0,0,0,0,0,0,0,1,0,0,0,0,0,0,0,0,0,0,0,0,0,0,3.487849463
5091037,1,0,1,1,1,1,1,1,1,1,0,1,0,0,1,1,1,0,0,1,1,0,1,1,1,1,1,1,0,5.48148606
4446989,0,0,0,0,1,1,0,1,0,0,0,0,0,0,1,0,0,1,1,0,1,1,0,1,1,0,1,1,0,3.920818754
5440676,1,0,1,1,1,0,1,0,0,1,1,1,1,0,0,0,1,1,0,1,0,0,1,1,0,1,0,0,1,4.468521083
4445027,1,0,1,0,0,0,1,1,0,1,0,1,0,0,0,0,1,0,0,1,1,1,0,1,1,1,1,1,1,4.612610174
5414893,0,1,0,1,1,0,0,1,0,0,1,1,0,0,1,0,0,1,0,0,0,1,0,1,1,0,1,1,0,4.149353765
4464319,1,1,1,1,1,0,1,1,0,1,1,0,1,1,1,0,1,1,1,1,0,1,1,1,1,1,1,1,1,7.795880017
4447402,0,0,0,0,0,0,0,1,1,0,1,1,0,0,0,0,0,0,0,0,1,1,0,1,1,0,1,1,0,4.692503962
4746844,0,0,0,1,1,0,0,0,0,0,0,1,0,0,0,0,0,0,0,0,0,0,0,0,0,0,0,0,0,5.698970004
4874252,0,0,0,0,0,0,0,0,0,0,0,0,0,0,0,1,0,0,0,0,0,0,0,0,0,0,0,0,0,4.247951552
4762230,1,0,1,0,0,0,1,0,0,1,0,0,1,0,0,1,1,0,0,1,0,1,1,0,1,1,0,0,1,3.943476276
4571176,1,0,1,1,0,0,1,0,0,1,1,0,1,0,0,0,1,1,0,1,0,0,1,1,0,1,1,0,1,7.301029996
4458618,0,0,0,1,1,0,0,1,0,0,0,0,0,1,1,0,0,0,0,0,1,1,0,1,0,0,1,0,0,4.308933191
4740712,0,0,0,1,1,0,0,0,0,0,0,1,0,0,0,0,0,0,0,0,0,1,0,1,1,0,1,0,0,5.602059991
5183845,0,0,0,0,0,0,0,0,0,0,0,1,0,0,0,0,0,0,1,0,0,1,0,0,1,0,0,1,0,5.040958608
4799467,0,0,0,1,1,0,0,0,1,0,0,1,0,1,1,1,0,1,1,0,0,1,0,1,1,0,1,1,0,4.973875483
4778209,1,0,1,1,1,1,1,1,1,1,0,1,1,0,1,1,1,0,1,1,0,1,1,1,1,1,1,1,1,6.602059991
4751320,0,0,0,1,1,0,0,0,0,0,0,1,0,0,0,0,0,0,0,0,1,1,0,0,0,0,1,1,0,5.494850022
4787372,1,0,1,1,1,0,1,0,0,1,0,1,1,0,1,0,1,0,0,0,0,1,1,0,1,1,0,0,1,5.207608311
4743556,1,0,1,0,0,1,1,0,0,1,0,0,1,0,0,1,1,0,0,1,0,1,1,0,1,0,0,0,1,4.247183569
4452066,1,0,1,1,0,0,1,0,0,1,1,0,1,0,0,0,1,1,0,1,0,0,1,1,0,1,1,0,1,6.692503962
1276197,0,1,0,1,0,0,0,1,0,0,0,0,0,0,0,0,0,0,0,0,0,0,0,1,0,0,1,0,0,3.991825816
4547497,1,1,1,1,1,0,1,1,1,1,0,1,1,0,1,0,1,0,1,0,0,1,1,1,1,1,1,1,1,5.397940009
589920,0,0,0,1,1,0,0,0,1,0,1,1,0,0,1,0,0,1,1,0,0,1,0,1,1,0,1,1,0,6.795880017
4583020,0,1,0,1,1,0,0,1,0,0,1,0,0,1,1,0,0,1,1,0,1,1,0,1,1,0,1,1,0,4.602059991
4859182,0,0,0,0,1,1,0,0,1,0,0,1,0,0,0,1,0,0,0,0,0,1,0,0,1,0,0,0,0,4.693574972
5406748,1,0,1,1,1,0,1,0,0,1,1,1,1,0,0,0,1,1,0,1,0,0,1,1,0,1,0,0,1,5.086186148
597165,1,0,1,0,0,0,1,1,0,1,0,0,1,0,0,0,1,0,0,1,0,0,1,0,0,1,0,0,1,4.542118103
4849515,1,1,1,1,1,0,1,1,1,1,1,1,1,0,1,1,1,0,1,1,1,1,0,0,0,0,0,0,0,5.359518563
25988,0,1,0,1,0,0,0,1,0,0,1,0,0,0,0,0,0,1,0,0,0,0,0,0,0,0,0,0,0,4.00104356
4758264,1,0,1,1,1,0,1,0,0,1,0,1,1,0,0,0,1,0,0,1,0,0,1,0,0,1,0,0,1,6.251811973
4741427,0,0,0,1,1,1,0,1,1,0,0,1,0,0,0,1,0,0,0,0,0,1,0,1,1,0,0,1,0,5.793174124
4475807,0,0,0,0,1,1,0,1,0,0,0,0,0,0,1,0,0,1,1,0,1,1,0,1,1,0,1,1,0,3.958607315
4777996,0,0,0,1,1,0,0,0,1,0,0,1,0,1,1,1,0,1,1,0,0,1,0,1,1,0,1,1,0,4.78968148
5288841,1,0,1,0,0,0,1,0,0,1,0,0,1,0,0,1,0,0,0,1,0,1,1,0,1,1,0,1,1,4.260427656
4445627,1,1,1,1,0,0,1,1,0,1,0,0,1,0,0,0,1,0,0,0,0,0,0,0,0,1,0,0,1,5.619788758
5428888,1,0,1,1,1,0,1,0,0,1,0,1,1,0,0,0,1,0,0,1,0,0,1,0,0,1,0,0,1,6.236572006
3127725,0,0,0,0,0,0,0,1,1,0,1,1,0,0,0,0,0,0,0,0,1,1,0,1,1,0,1,0,0,4.906578315
4460486,0,0,0,0,0,0,0,0,0,0,0,0,0,0,0,0,0,0,0,0,0,1,0,0,1,0,0,1,0,4.913640169
4791114,0,0,0,1,1,1,0,1,1,0,0,1,0,0,0,1,0,0,0,0,0,1,0,1,1,0,0,1,0,5.661543506
5398012,0,0,0,1,0,0,0,1,0,0,1,0,0,1,0,0,0,0,0,0,0,0,0,1,0,0,1,0,0,5.086186148
5404866,0,1,0,1,1,0,0,1,0,0,0,1,0,1,1,0,0,1,0,0,0,1,0,1,1,0,1,0,0,3.441531437
5200924,0,0,0,0,0,0,0,0,0,0,0,1,0,0,0,0,0,0,1,0,0,1,0,0,1,0,0,1,0,5.26760624
4757645,0,1,0,1,1,0,0,1,1,0,0,0,0,1,1,1,0,1,1,0,0,1,0,1,1,0,1,1,0,4.97798426
5271085,0,0,0,0,0,0,0,0,0,0,0,0,0,0,0,1,0,0,0,0,0,1,0,0,1,0,0,1,0,3.682772651
4549289,0,0,0,0,0,0,0,0,0,0,0,1,0,0,0,0,0,0,1,0,0,1,0,1,1,0,1,1,0,3.991399828
5205333,0,1,0,1,0,1,0,0,1,0,0,1,0,0,1,1,0,0,1,0,1,1,0,1,1,0,1,1,0,3.68006156
4470330,0,0,0,0,0,0,0,1,0,0,1,1,0,1,1,0,0,0,0,0,0,1,0,1,1,0,1,1,0,5.30980392
5203458,0,0,0,0,0,0,0,0,0,0,0,1,0,0,0,0,0,0,1,0,0,1,0,0,1,0,0,1,0,4.27572413
1797576,0,0,0,0,1,1,0,0,0,0,0,0,0,0,1,1,0,0,1,0,0,1,0,0,1,0,0,1,0,3.56944123
5289529,0,0,0,0,1,0,0,1,0,0,0,0,0,0,1,0,0,0,0,0,0,1,0,1,1,0,1,1,0,4.786482243
4458044,1,0,1,1,1,0,1,0,0,1,0,1,1,0,0,0,0,0,1,1,0,1,1,0,1,1,0,0,0,5.356547324
4791925,1,0,1,0,0,1,1,1,0,1,0,1,1,0,1,0,1,1,0,1,0,0,1,1,1,1,1,1,1,5.060480747
361497,0,0,0,0,0,1,0,0,0,0,0,0,0,0,0,1,0,0,0,0,0,1,0,0,1,0,0,1,0,5.025028006
4584758,0,0,0,1,1,0,0,1,0,0,0,0,0,1,1,0,0,0,0,0,1,1,0,1,0,0,1,0,0,4.193820026
4866791,1,1,1,1,1,0,1,1,1,1,1,1,1,0,1,0,1,0,1,1,1,1,0,0,0,0,0,0,0,4.274088368
4799002,0,1,0,1,0,1,0,1,1,0,1,1,0,1,1,0,0,0,1,0,1,0,0,0,1,0,0,0,0,4.504455662
4571623,0,0,0,0,0,0,0,0,1,0,1,1,0,0,0,0,0,0,0,0,1,1,0,1,1,0,1,1,0,4.19859629
4535713,1,0,1,1,0,0,1,0,0,1,1,0,1,0,0,0,1,1,0,1,0,0,1,1,0,1,1,0,1,7.207608311
5273584,0,1,0,1,0,0,0,1,0,0,0,0,0,0,0,0,0,0,1,0,1,1,0,1,0,0,1,0,0,6.397940009
4452209,0,0,0,0,0,0,0,0,1,0,1,1,0,0,0,0,0,0,0,0,1,1,0,1,1,0,1,1,0,4.655607726
4791032,1,0,1,1,1,0,1,0,1,1,0,1,1,1,1,1,1,1,1,1,0,1,1,1,1,1,1,1,1,5.200659451
5406752,1,1,1,1,1,0,1,1,1,1,1,1,1,1,0,0,1,1,0,1,0,1,1,1,0,1,1,0,1,6.30980392
4787339,1,0,1,1,1,0,1,0,0,1,0,1,1,0,1,0,1,0,0,1,0,1,1,0,1,1,0,0,1,4.568314655
4742019,0,1,0,1,1,0,0,1,1,0,0,1,0,0,1,1,0,0,1,0,1,1,0,0,0,0,0,0,0,6.22184875
4461322,1,1,1,1,1,0,1,1,0,1,1,0,1,1,1,0,1,1,1,1,0,1,1,1,1,1,1,1,1,6.886056648
4755821,1,1,1,1,0,0,1,1,1,1,1,1,1,1,1,1,1,0,1,1,1,1,0,0,0,0,0,0,0,4.40560745
527541,1,0,1,0,0,0,1,0,0,1,0,1,1,0,0,0,1,0,0,1,0,0,1,0,0,1,0,0,0,5.721246399
4870421,1,0,1,0,1,1,1,0,1,1,0,1,0,0,0,1,1,0,1,1,0,1,1,0,1,1,0,1,1,4.416008201
5437513,1,1,1,1,1,0,0,0,0,1,1,1,1,1,0,0,1,1,0,1,0,1,1,1,0,0,1,0,1,4.193820026
4744476,1,1,1,1,0,0,1,1,1,1,1,1,1,0,1,1,1,0,1,1,1,1,0,0,0,0,0,0,0,6.107905397
1617304,0,0,0,1,1,0,0,0,0,0,1,1,0,0,0,0,0,1,1,0,0,1,0,1,0,0,1,0,0,6.627087997
5092257,1,0,1,1,1,1,1,1,1,1,0,1,0,0,1,1,1,0,1,1,1,0,1,1,1,1,1,1,0,6.031517051
5411742,0,1,0,1,1,0,0,1,1,0,0,0,0,1,1,1,0,1,0,0,1,1,0,1,1,0,1,1,0,4.866461092
4791282,0,0,0,0,0,1,0,0,0,0,0,0,0,0,0,0,0,0,0,0,0,1,0,0,1,0,0,1,0,5.643974143
4438401,0,0,0,1,1,0,0,1,1,0,0,0,0,1,1,0,0,0,0,0,1,1,0,1,1,0,1,1,0,4.193820026
4469221,0,0,0,1,0,0,0,1,1,0,1,1,0,0,1,0,0,0,0,0,0,1,0,1,1,0,1,1,0,6.27572413
4439716,1,0,1,1,1,0,1,0,0,1,0,1,1,0,0,0,0,0,0,1,0,0,1,0,0,1,0,0,0,5.374687549
5417965,0,1,0,0,1,1,0,0,1,0,0,1,0,1,0,0,0,1,1,0,1,1,0,1,1,0,1,1,0,5.432973634
4455638,0,0,0,0,0,1,0,0,0,0,0,0,0,0,0,1,0,0,0,0,0,1,0,0,1,0,0,1,0,4.66756154
4434753,0,0,0,0,0,0,0,0,0,0,0,0,0,0,0,0,0,0,0,0,0,1,0,0,1,0,0,1,0,5.124938737
5419038,0,0,0,1,0,0,0,1,0,0,1,0,0,1,0,0,0,1,0,0,0,0,0,1,0,0,1,0,0,7
5404286,0,1,0,1,0,1,0,1,0,0,1,0,0,0,0,0,0,0,0,0,0,1,0,1,1,0,1,1,0,5.59345982
315874,1,0,1,1,0,0,1,0,0,1,1,0,1,0,0,0,1,1,0,1,0,0,1,1,0,1,0,0,1,7.455931956
4553295,0,0,0,0,1,0,0,1,1,0,1,1,0,0,0,0,0,1,1,0,1,1,0,1,1,0,1,1,0,5.394743451
4163114,0,0,0,0,0,0,0,0,0,0,0,0,0,0,0,1,0,0,0,0,0,1,0,0,1,0,0,1,0,5.657577319
4447401,1,1,1,1,0,0,1,1,0,1,0,0,1,0,0,0,1,0,0,1,0,0,1,1,0,1,1,0,1,5.102372909
4792989,0,0,0,0,0,0,0,0,1,0,0,1,0,0,0,0,0,0,0,0,0,1,0,1,1,0,1,1,0,5.301029996
4090270,1,0,1,1,1,1,1,1,1,1,0,1,1,0,1,1,1,0,1,1,1,1,1,1,1,0,1,1,1,6.769551079
4463427,0,0,0,1,1,1,0,0,0,0,0,1,0,1,0,0,0,1,1,0,1,1,0,1,1,0,0,1,0,7.397940009
5178306,1,0,0,1,1,1,1,1,1,1,1,1,1,1,1,0,1,0,1,1,1,1,1,1,1,1,1,1,1,6.366531544
4784920,1,0,1,1,1,1,1,1,1,1,0,1,1,0,1,1,1,0,1,1,0,1,1,1,1,1,1,1,1,6.619788758
4743083,1,0,1,1,1,0,1,0,0,1,0,1,1,0,0,0,1,0,0,1,0,0,1,0,0,1,0,0,1,6.397940009
4442402,0,1,0,0,1,0,0,1,1,0,1,1,0,0,0,0,0,1,1,0,0,1,0,1,1,0,1,0,0,4.193820026
4466398,0,1,0,1,1,0,0,1,0,0,1,0,0,1,1,0,0,1,1,0,0,1,0,1,1,0,1,1,0,6.200659451
4168732,1,0,1,0,0,0,1,0,0,1,0,0,1,0,0,1,0,0,0,0,0,0,0,0,0,0,0,0,0,5.790484985
4472699,1,0,1,1,0,0,1,0,0,1,0,0,1,0,0,0,0,0,0,1,0,0,1,0,0,1,0,0,0,4.568636236
4303669,0,0,0,1,0,1,0,0,1,0,0,1,0,0,1,0,0,0,1,0,0,0,0,0,0,0,0,0,0,4.455931956
5421330,1,0,1,1,1,0,1,0,0,1,1,1,1,1,0,0,1,1,0,1,0,1,1,1,0,1,1,0,1,5.585026652
4584246,0,0,0,0,1,0,0,1,0,0,0,0,0,0,1,0,0,1,1,0,1,1,0,1,1,0,1,1,0,3.920818754
242106,0,1,0,1,0,0,0,1,0,0,0,0,0,0,0,0,0,0,0,0,0,0,0,1,0,0,1,0,0,4.70333481
4878645,1,0,1,0,0,0,1,0,0,1,0,0,1,0,0,1,1,0,0,1,0,0,1,0,0,1,0,0,0,3.517698233
4436950,0,0,0,0,1,0,0,1,1,0,1,1,0,0,1,1,0,1,1,0,1,1,0,1,1,0,1,1,0,5.078393109
1429861,0,0,0,1,1,0,0,1,0,0,0,1,0,0,1,0,0,0,0,0,0,0,0,1,0,0,1,0,0,5.769551079
4584256,0,1,0,0,1,0,0,1,1,0,1,1,0,1,1,0,0,0,0,0,0,1,0,1,1,0,1,1,0,5.038104526
4562771,0,1,0,1,1,0,0,1,0,0,1,0,0,1,1,0,0,1,1,0,0,1,0,1,1,0,1,1,0,6.602059991
5420016,1,0,1,1,1,1,1,0,0,1,0,1,1,1,1,0,1,0,1,1,1,1,1,1,1,1,1,1,1,6.259637311
5072498,1,0,1,1,1,1,1,1,1,1,0,1,1,0,1,1,0,0,1,1,1,1,1,1,1,1,1,1,1,6.026872146
4517091,0,0,0,0,1,0,0,1,1,0,1,1,0,1,1,0,0,0,0,0,1,1,0,1,1,0,1,1,0,4.337784714
4519223,1,0,1,1,1,1,1,0,0,1,0,1,1,0,0,0,0,0,0,1,0,0,1,0,0,1,0,0,1,4.8569852
5414615,1,0,1,1,0,0,1,1,0,1,1,0,1,1,0,0,1,0,0,1,0,0,1,1,0,1,0,0,1,5.180456064
529603,0,0,0,1,0,0,0,0,0,0,0,0,0,0,0,0,0,0,0,0,0,0,0,1,0,0,0,0,0,4.494850022
4441282,1,1,1,1,1,0,1,1,1,1,1,1,1,0,1,1,1,0,1,1,1,1,0,0,0,0,0,0,0,4.898940645
5078924,1,0,1,1,1,1,1,1,1,1,0,1,0,0,1,1,1,0,1,1,1,0,1,1,1,1,1,1,0,5.366531544
5429782,1,1,1,1,1,0,0,1,1,1,1,1,1,1,0,0,1,1,0,1,0,1,1,1,0,1,1,0,0,5.619788758
5429862,0,0,0,0,0,0,0,0,0,0,0,0,0,0,0,1,0,0,0,0,0,1,0,0,1,0,0,1,0,4.244125144
4472152,1,0,1,0,1,0,1,1,0,1,0,0,1,1,0,0,0,0,0,1,1,1,1,1,1,1,1,1,1,5.594426561
5090806,1,0,1,1,1,1,1,1,1,1,0,1,0,0,1,1,1,0,0,1,1,0,1,1,1,1,1,1,0,6
4459629,0,1,0,1,1,0,0,1,0,0,1,0,0,1,1,0,0,1,1,0,0,1,0,1,1,0,1,1,0,6.494850022
5429628,1,1,1,1,1,0,1,1,1,1,1,1,1,1,0,0,1,1,0,1,0,1,1,1,0,1,1,0,1,6.638272164
4776598,0,0,0,1,0,1,0,1,1,0,0,1,0,0,1,0,0,0,1,0,0,1,0,1,1,0,1,1,0,7.455931956
140232,0,1,0,1,1,1,0,1,1,0,1,1,0,1,1,0,0,1,1,0,1,1,0,1,1,0,0,1,0,5.127261173
4528786,0,1,0,0,1,0,0,1,0,0,1,0,0,0,1,0,0,0,1,0,0,1,0,1,1,0,0,1,0,5.494850022
4743563,1,0,1,0,0,1,1,1,1,1,0,1,1,0,1,0,1,1,1,1,0,1,1,1,1,1,1,1,1,4.950781977
5399678,1,1,1,1,1,0,1,1,1,1,1,1,1,1,0,0,1,1,1,1,0,1,1,1,0,1,1,0,1,6.244125144
4779495,0,1,0,1,1,0,0,1,1,0,0,0,0,1,1,0,0,1,1,0,0,1,0,1,1,0,1,1,0,4.634886568
4861891,0,1,0,1,1,0,0,1,1,0,1,1,0,1,1,1,0,0,1,0,1,1,0,0,1,0,0,1,0,4.521433504
4796920,1,0,0,1,1,1,1,1,1,1,0,1,1,0,1,1,1,0,1,1,1,1,1,1,1,1,1,1,1,6.173925197
4461963,0,0,0,1,1,0,0,0,0,0,0,1,0,0,0,0,0,0,0,0,0,1,0,0,1,0,0,0,0,6.853871964
4532654,1,1,1,1,1,0,1,1,0,1,1,0,1,1,0,0,1,1,1,1,1,1,1,1,1,1,1,0,1,4.193820026
4787934,0,0,0,0,0,1,0,0,0,0,0,0,0,0,0,1,0,0,0,0,0,1,0,0,1,0,0,0,0,4.288192771
4777875,1,0,1,1,1,0,1,0,0,1,0,1,1,0,0,0,1,0,0,1,0,0,1,0,0,1,0,0,1,6.301029996
4460602,0,0,0,0,1,0,0,1,0,0,0,0,0,1,0,0,0,0,0,0,1,1,0,1,1,0,1,1,0,4.649701769
5436281,1,0,1,1,1,1,1,1,1,1,1,1,1,1,1,1,1,0,0,1,1,1,1,1,1,1,1,0,1,4.258060922
4872365,0,1,0,1,1,0,0,1,1,0,1,1,0,1,1,1,0,0,1,0,1,1,0,0,1,0,0,1,0,5.397940009
4870396,1,1,1,1,1,0,1,1,1,1,1,1,1,0,1,1,1,0,1,1,1,1,1,0,1,1,0,1,1,6.091514981
5413628,1,1,1,1,1,0,1,1,1,1,1,1,1,1,0,0,1,1,1,1,1,0,1,1,0,1,1,0,1,6.229147988
55140,0,0,0,1,0,1,0,0,1,0,0,0,0,0,1,0,0,0,0,0,0,0,0,0,0,0,0,0,0,3.832682665
4570536,1,0,1,1,1,1,1,0,0,1,0,1,0,0,0,0,0,0,0,1,0,0,1,0,0,1,0,0,1,4.447331784
69086,1,0,1,1,0,0,1,0,0,1,0,0,1,0,0,0,0,0,0,0,0,0,0,0,0,0,0,0,0,3.494850022
4755677,0,0,0,0,0,0,0,0,0,0,0,0,0,0,0,1,0,0,0,0,0,1,0,0,0,0,0,0,0,3.606775884
4461192,1,0,1,1,1,0,1,0,0,1,0,1,1,0,0,0,1,0,0,1,0,1,1,0,0,1,0,0,1,4.455931956
5438455,0,1,0,1,1,0,0,1,1,0,1,1,0,1,0,0,0,1,1,0,0,1,0,1,0,0,1,0,0,6.301029996
5401916,0,0,0,1,0,0,0,1,0,0,1,0,0,1,0,0,0,0,0,0,0,0,0,1,0,0,1,0,0,5.568636236
4848634,0,0,0,0,1,1,0,0,1,0,0,1,0,0,0,1,0,0,1,0,0,1,0,0,1,0,0,1,0,4.176721443
5396286,0,1,0,1,0,0,0,0,0,0,0,1,0,1,1,0,0,1,0,0,0,1,0,1,1,0,1,1,0,5.669586227
4743926,1,0,1,0,0,0,1,0,0,1,0,0,1,0,0,0,1,0,0,1,0,1,1,0,1,1,0,1,1,5.657577319
597163,1,0,1,0,0,0,1,1,0,1,0,0,1,0,0,0,1,0,0,1,0,0,1,0,0,0,0,0,0,3.770574152
4472911,0,1,0,0,0,0,0,1,0,0,0,0,0,0,0,0,0,1,0,0,0,0,0,1,0,0,1,0,0,4.832682665
4177178,0,0,0,0,0,0,0,0,0,0,0,0,0,0,0,1,0,0,0,0,0,1,0,0,0,0,0,0,0,5.906578315
4566159,1,0,1,1,0,0,1,0,0,1,1,0,1,0,0,0,1,1,0,1,1,1,1,1,1,1,0,1,1,7.301029996
5431707,0,0,0,1,1,0,0,1,1,0,1,0,0,1,1,0,0,0,0,0,1,1,0,1,1,0,1,1,0,5.602059991
5397017,1,1,1,1,1,0,0,1,1,1,1,1,1,1,0,0,1,1,0,1,0,1,1,1,0,1,1,0,1,5.366531544
4879324,0,1,0,1,1,0,0,1,1,0,1,1,0,1,1,1,0,0,1,0,1,1,0,0,0,0,0,0,0,4.954677021
5284979,0,0,0,1,1,1,0,1,1,0,0,1,0,1,1,0,0,0,1,0,0,1,0,1,1,0,1,1,0,7.113509275
4173823,0,0,0,0,0,0,0,0,0,0,0,0,0,0,0,1,0,0,0,0,0,1,0,0,1,0,0,1,0,6.721246399
4458467,0,0,0,0,1,0,0,1,1,0,1,1,0,0,1,1,0,1,1,0,1,1,0,1,1,0,1,1,0,4.46137927
1459312,1,0,1,0,0,0,1,0,0,1,0,1,0,0,0,0,1,0,0,1,0,1,1,1,1,1,0,1,1,4.829738285
4746261,0,0,0,1,0,1,0,1,1,0,0,1,0,0,1,0,0,0,0,0,1,1,0,1,1,0,1,1,0,7.080921908
4864304,1,0,1,0,1,1,1,0,1,1,0,1,1,0,0,1,1,0,1,0,0,1,1,0,1,1,0,1,1,4.421475395
4787773,1,0,1,1,0,0,1,1,0,1,1,1,0,0,1,1,1,0,1,1,1,1,1,0,1,1,0,1,1,6.337242168
529874,0,0,0,0,0,1,0,0,0,0,0,0,0,0,0,0,0,0,0,0,0,1,0,0,1,0,0,1,0,4.494850022
4454459,1,1,1,1,1,0,1,1,0,1,1,0,1,1,1,0,1,1,1,1,0,1,1,1,1,1,1,1,1,6.602059991
5411769,1,0,1,1,0,0,1,1,0,1,1,0,1,1,0,0,1,0,0,1,0,0,1,1,0,1,1,0,1,6.387216143
4591379,0,0,0,0,1,0,0,1,1,0,1,1,0,0,0,0,0,1,1,0,1,1,0,1,1,0,1,1,0,5.392009141
4860137,1,1,1,1,1,0,1,1,1,1,1,1,1,0,1,1,1,0,1,1,1,1,1,0,1,1,0,1,1,5.924453039
5414657,1,1,1,1,0,0,1,1,0,1,0,0,1,0,0,0,1,0,0,1,0,0,0,0,0,0,0,0,0,5.180456064
4472160,0,0,0,0,1,0,0,1,0,0,1,1,0,0,1,1,0,1,1,0,0,1,0,1,1,0,1,1,0,5.394573196
869,0,1,0,1,1,1,0,1,1,0,0,1,0,1,0,0,0,1,1,0,1,1,0,0,0,0,0,0,0,5.106238238
4793232,0,1,0,1,1,1,0,1,1,0,0,0,0,1,1,1,0,1,1,0,1,1,0,1,1,0,1,1,0,4.469800302
2180328,0,1,0,1,0,1,0,1,1,0,0,1,0,1,0,0,0,0,1,0,0,1,0,1,1,0,1,1,0,5.397940009
4593740,0,0,0,0,0,0,0,1,1,0,1,1,0,0,0,0,0,0,0,0,1,1,0,1,1,0,1,0,0,3.970616222
5397544,1,1,1,1,1,1,1,1,1,1,1,1,0,1,0,0,1,1,1,1,1,1,1,1,1,1,1,1,1,6.113509275
4783623,1,0,1,1,1,0,1,0,1,1,0,1,1,1,1,1,1,1,1,1,0,1,1,1,1,1,1,1,1,4.829151796
5404300,1,1,1,1,0,0,1,0,0,1,0,0,1,0,0,0,1,0,0,1,0,0,1,0,0,0,0,0,1,5.26760624
4438726,1,0,1,1,0,0,1,0,0,1,1,0,1,0,0,0,1,1,0,1,0,0,1,1,0,1,1,0,1,8.301029996
5398606,1,0,1,1,1,0,1,0,0,1,0,1,1,1,1,0,1,1,0,1,0,1,1,1,0,1,1,0,1,6.292429824
4854628,0,1,0,1,1,0,0,1,1,0,1,1,0,0,1,1,0,0,1,0,1,1,0,0,1,0,0,0,0,5.555955204
5434087,1,1,1,1,0,0,1,0,0,1,0,0,0,0,0,0,1,0,0,1,0,0,1,0,0,0,0,0,1,4.774690718
4870776,1,1,1,1,1,0,1,1,1,1,1,1,1,0,1,1,1,0,1,1,1,1,1,0,1,1,0,1,1,5.372634143
4593346,0,0,0,0,0,0,0,0,0,0,0,0,0,0,0,1,0,0,0,0,0,1,0,0,1,0,0,1,0,5.602059991
4463006,0,0,0,0,1,0,0,1,1,0,1,1,0,0,0,0,0,1,1,0,1,1,0,1,1,0,1,1,0,4.473367931
5428333,0,0,0,0,0,0,0,0,0,0,0,0,0,0,0,1,0,0,0,0,0,1,0,0,1,0,0,0,0,4.19859629
5400069,0,0,0,1,0,0,0,1,0,0,1,0,0,1,0,0,0,0,0,0,0,0,0,1,0,0,1,0,0,4.568636236
5395575,0,1,0,1,0,0,0,0,0,0,0,0,0,0,0,0,0,0,0,0,0,0,0,0,0,0,0,0,0,4.673664139
4778352,1,0,1,1,1,0,1,0,1,1,0,1,1,0,1,0,1,0,0,0,0,1,1,0,1,0,0,1,1,5.494850022
4790713,0,0,0,0,0,0,0,0,1,0,0,1,0,0,0,0,0,0,0,0,0,1,0,1,1,0,1,1,0,4.882728704
3799490,0,0,0,0,0,0,0,0,1,0,0,1,0,0,0,1,0,0,0,0,0,1,0,1,1,0,1,1,0,5.187086643
4783283,1,0,0,1,0,1,1,1,1,1,0,1,1,0,1,1,1,0,0,0,1,1,1,1,1,1,1,1,1,6.15490196
4852517,1,1,1,1,1,0,1,1,1,1,1,1,1,0,1,1,1,0,1,1,1,1,0,0,0,0,0,0,0,4.41453927
3786030,1,0,0,1,1,1,1,1,1,1,0,1,1,0,1,1,1,0,0,0,1,1,1,1,1,1,1,1,1,6.022276395
5438403,1,0,1,1,1,0,1,1,0,1,1,1,1,0,0,0,1,1,1,0,0,0,1,1,0,0,1,0,1,5.494850022
5415480,1,1,1,1,0,1,1,1,0,1,1,0,1,1,0,0,1,1,0,1,1,1,1,1,1,0,1,1,0,4.3400838
4740017,0,0,0,0,0,0,0,0,1,0,0,1,0,0,0,0,0,0,0,0,0,1,0,1,1,0,1,1,0,5.677780705
5404176,0,1,0,1,0,0,0,1,0,0,1,1,0,1,0,0,0,0,1,0,0,1,0,0,1,0,0,1,0,5.148741651
5417077,1,0,1,1,1,0,0,0,0,1,1,1,1,1,0,0,1,1,0,1,0,1,1,1,0,0,1,0,1,6.619788758
4776783,0,0,0,1,1,0,0,0,1,0,0,1,0,1,1,1,0,1,1,0,0,1,0,1,1,0,1,1,0,5.638272164
4438828,0,1,0,1,1,0,0,1,1,0,1,0,0,1,1,1,0,1,1,0,0,1,0,1,1,0,1,1,0,4.602059991
4452356,1,0,1,1,0,0,1,0,0,1,1,0,1,0,0,0,1,1,0,1,0,0,1,1,0,1,1,0,1,7.180456064
4749006,0,1,0,1,1,1,0,1,1,0,0,0,0,1,1,0,0,1,1,0,1,1,0,1,1,0,1,1,0,4.645123577
597248,0,0,0,1,0,0,0,0,0,0,1,0,0,0,0,0,0,0,0,0,0,0,0,1,0,0,0,0,0,5.823908741
4516178,0,1,0,1,0,0,0,1,0,0,0,0,0,0,0,0,0,0,1,0,0,0,0,1,0,0,1,1,0,4.202732459
4756405,1,0,1,0,0,0,1,0,1,1,1,0,1,0,1,0,1,0,0,1,0,1,1,1,1,1,0,1,1,6.161150909
4446198,0,0,0,0,1,1,0,1,0,0,0,0,0,1,0,0,0,0,0,0,1,1,0,1,1,0,1,1,0,4.193820026
4475100,0,0,0,0,0,0,0,1,1,0,1,1,0,0,0,0,0,0,0,0,1,1,0,1,1,0,1,1,0,3.993106292
4551125,1,1,1,1,1,0,1,1,0,1,1,0,1,1,1,0,1,1,1,1,0,1,1,1,1,1,1,1,0,6
5409971,1,0,1,1,1,0,1,0,0,1,1,1,1,0,0,0,1,1,0,1,0,0,1,1,0,1,0,0,1,5.677780705
4860347,1,0,1,0,1,1,1,0,1,1,0,1,0,0,0,1,1,0,1,1,0,1,1,0,1,1,0,1,1,4.179338865
4788748,1,0,1,1,1,0,1,1,1,1,0,0,1,0,0,0,0,0,0,1,0,0,1,0,0,0,0,0,1,5
4542654,0,0,0,0,0,0,0,0,0,0,0,1,0,0,0,0,0,0,1,0,0,1,0,1,1,0,1,1,0,3.910801633
4797580,0,0,0,0,0,1,0,0,0,0,0,0,0,0,0,0,0,0,0,0,0,1,0,0,1,0,0,0,0,4.020907099
5430104,0,1,0,1,0,0,0,1,0,0,1,0,0,0,0,0,0,0,0,0,0,1,0,1,1,0,1,1,0,5.498940738
5089485,1,0,1,1,1,1,1,1,1,1,0,1,1,0,1,1,1,0,0,1,1,1,1,1,1,1,1,1,1,6.13667714
5437816,0,1,0,1,1,0,0,1,0,0,1,1,0,0,1,0,0,1,0,0,0,1,0,1,1,0,0,1,0,4.35753548
1193216,0,0,0,1,0,0,0,1,0,0,1,0,0,1,0,0,0,0,0,0,0,0,0,1,0,0,1,0,0,6.886056648
3577778,0,0,0,0,0,0,0,0,0,0,0,0,0,0,0,0,0,0,0,0,0,1,0,0,1,0,0,1,0,4.062983893
4544100,0,0,0,0,0,0,0,0,0,0,0,1,0,0,0,0,0,0,1,0,0,1,0,1,1,0,1,1,0,3.647817482
5416931,0,1,0,1,0,0,0,1,0,0,1,0,0,1,0,0,0,0,0,0,0,0,0,1,0,0,0,0,0,4.744968837
3431111,1,0,1,1,1,0,1,0,0,1,0,1,1,0,0,0,1,0,0,0,0,0,1,0,0,0,0,0,1,5.723538196
4462338,1,1,1,1,1,0,1,1,0,1,1,0,1,1,1,0,1,1,1,1,0,1,0,1,1,1,1,1,0,6.886056648
4547057,1,0,1,0,1,0,1,1,0,1,1,1,1,0,0,0,1,1,1,0,0,1,1,1,1,1,1,0,1,4.193820026
2098075,1,0,1,1,1,0,1,0,0,1,0,1,1,0,0,0,1,0,0,0,0,0,1,0,0,0,0,0,1,5.602059991
5426030,1,0,1,1,0,0,1,0,0,1,0,0,1,0,0,0,1,0,0,1,0,0,1,0,0,1,0,0,1,4.602059991
5409964,0,0,0,1,0,0,0,1,0,0,1,0,0,1,0,0,0,0,0,0,0,0,0,1,0,0,1,0,0,6.443697499
5403670,1,0,1,1,1,0,1,0,1,1,1,1,1,1,1,0,1,1,0,0,0,1,1,1,1,0,1,1,1,4.193820026
4850284,0,1,0,1,1,0,0,1,1,0,1,1,0,1,1,1,0,0,1,0,1,1,0,0,0,0,0,0,0,6.602059991
5422006,0,0,0,1,1,0,0,0,0,0,1,1,0,1,0,0,0,1,0,0,0,1,0,1,0,0,1,0,0,5.060480747
4872859,0,0,0,0,0,0,0,0,0,0,0,0,0,0,0,1,0,0,0,0,0,1,0,0,1,0,0,1,0,3.805763251
5423974,1,1,1,1,1,0,0,1,1,1,1,1,1,1,0,0,1,1,0,1,0,1,0,1,0,1,1,0,1,5.180456064
3361343,0,0,0,0,0,0,0,0,0,0,0,0,0,0,0,1,0,0,0,0,0,1,0,0,0,0,0,0,0,3.732828272
5439745,0,0,0,1,0,0,0,1,0,0,1,0,0,1,0,0,0,1,0,0,0,0,0,1,0,0,1,0,0,6.744727495
5393794,0,1,0,1,0,0,0,1,0,0,1,0,0,1,0,0,0,1,0,0,0,0,0,1,0,0,1,0,0,5.744727495
4790979,0,0,0,1,1,1,0,1,1,0,0,1,0,0,0,1,0,0,0,0,0,1,0,1,1,0,1,1,0,5.543633967
4777562,0,1,0,1,1,0,0,1,1,0,0,1,0,0,1,1,0,0,1,0,1,1,0,0,0,0,0,0,0,5.115204636
5275039,0,0,0,1,1,0,0,0,1,0,1,1,0,0,1,1,0,0,0,0,1,1,0,1,1,0,1,0,0,5.958607315
5077758,1,0,0,1,1,1,1,1,1,1,0,1,1,0,1,1,1,0,0,0,1,1,1,1,1,1,1,1,1,6.468521083
5409503,0,1,0,1,0,0,0,0,0,0,0,0,0,0,0,0,0,0,0,0,0,0,0,1,0,0,0,0,0,5.508638306
4546859,0,0,0,1,1,0,0,0,0,0,1,0,0,1,0,0,0,1,1,0,1,1,0,1,1,0,1,0,0,4.193820026
4861312,0,0,0,0,0,0,0,0,0,0,0,0,0,0,0,1,0,0,0,0,0,0,0,0,0,0,0,0,0,3.980053318
5185034,0,0,0,0,0,0,0,0,0,0,0,1,0,0,0,0,0,0,1,0,0,1,0,0,1,0,0,1,0,5.283996656
4848164,1,1,1,1,1,0,1,1,1,1,1,1,1,0,1,1,1,0,1,1,1,1,1,0,0,0,0,0,0,4.568636236
4564866,0,0,0,0,1,1,0,1,1,0,0,0,0,0,1,0,0,1,1,0,1,1,0,1,1,0,1,1,0,5.677780705
5410491,1,0,1,1,0,0,1,1,0,1,1,0,0,1,0,0,1,0,0,1,0,0,1,1,0,1,0,0,1,5.886056648
